taxonomy_id,segment_name,attribute_name,node_value,node_type,data_type,datasource_name,datasource_id,tenant
626558140458401864,Fragrance_Purchase_Frequency_Per_Year > 6,Fragrance_Purchase_Frequency_Per_Year,6,Character,1p,cpg_demo_0819,26730,cpg_demo_0819
626558140458401865,Fragrance_Purchase_Frequency_Per_Year > 3,Fragrance_Purchase_Frequency_Per_Year,3,Character,1p,cpg_demo_0819,26730,cpg_demo_0819
626558140458401866,Fragrance_Purchase_Frequency_Per_Year > 12,Fragrance_Purchase_Frequency_Per_Year,12,Character,1p,cpg_demo_0819,26730,cpg_demo_0819
626558140458401867,Fragrance_Purchase_Frequency_Per_Year > 1,Fragrance_Purchase_Frequency_Per_Year,1,Character,1p,cpg_demo_0819,26730,cpg_demo_0819
626558140458401868,Fragrance_Purchase_Frequency_Per_Year > 2,Fragrance_Purchase_Frequency_Per_Year,2,Character,1p,cpg_demo_0819,26730,cpg_demo_0819
626558140458401869,Fragrance_Purchase_Frequency_Per_Year > 5,Fragrance_Purchase_Frequency_Per_Year,5,Character,1p,cpg_demo_0819,26730,cpg_demo_0819
626558140458401870,Fragrance_Purchase_Frequency_Per_Year > 8,Fragrance_Purchase_Frequency_Per_Year,8,Character,1p,cpg_demo_0819,26730,cpg_demo_0819
626558140458401871,Fragrance_Purchase_Frequency_Per_Year > 11,Fragrance_Purchase_Frequency_Per_Year,11,Character,1p,cpg_demo_0819,26730,cpg_demo_0819
626558140458401872,Fragrance_Purchase_Frequency_Per_Year > 4,Fragrance_Purchase_Frequency_Per_Year,4,Character,1p,cpg_demo_0819,26730,cpg_demo_0819
626558140458401873,Fragrance_Purchase_Frequency_Per_Year > 9,Fragrance_Purchase_Frequency_Per_Year,9,Character,1p,cpg_demo_0819,26730,cpg_demo_0819
626558140458401874,Fragrance_Purchase_Frequency_Per_Year > 10,Fragrance_Purchase_Frequency_Per_Year,10,Character,1p,cpg_demo_0819,26730,cpg_demo_0819
626558140458401875,Fragrance_Purchase_Frequency_Per_Year > 7,Fragrance_Purchase_Frequency_Per_Year,7,Character,1p,cpg_demo_0819,26730,cpg_demo_0819
626558140458401876,Fragrance_Purchase_Frequency_Per_Year > 0,Fragrance_Purchase_Frequency_Per_Year,0,Character,1p,cpg_demo_0819,26730,cpg_demo_0819
626558140458405986,Employment_Status > FullTime,Employment_Status,FullTime,Character,1p,cpg_demo_0819,26730,cpg_demo_0819
626558140458405987,Employment_Status > SelfEmployed,Employment_Status,SelfEmployed,Character,1p,cpg_demo_0819,26730,cpg_demo_0819
626558140458405988,Employment_Status > Student,Employment_Status,Student,Character,1p,cpg_demo_0819,26730,cpg_demo_0819
626558140458405989,Employment_Status > PartTime,Employment_Status,PartTime,Character,1p,cpg_demo_0819,26730,cpg_demo_0819
626558140458405990,Employment_Status > HomeMaker,Employment_Status,HomeMaker,Character,1p,cpg_demo_0819,26730,cpg_demo_0819
626558140458405991,Employment_Status > Retired,Employment_Status,Retired,Character,1p,cpg_demo_0819,26730,cpg_demo_0819
626558140458405992,Employment_Status > Unemployed,Employment_Status,Unemployed,Character,1p,cpg_demo_0819,26730,cpg_demo_0819
626558140458406034,Sustainable_Packaging_Preference > N,Sustainable_Packaging_Preference,N,Character,1p,cpg_demo_0819,26730,cpg_demo_0819
626558140458406035,Sustainable_Packaging_Preference > Y,Sustainable_Packaging_Preference,Y,Character,1p,cpg_demo_0819,26730,cpg_demo_0819
626558140458402493,Lancome_Purchase_History > N,Lancome_Purchase_History,N,Character,1p,cpg_demo_0819,26730,cpg_demo_0819
626558140458402494,Lancome_Purchase_History > Y,Lancome_Purchase_History,Y,Character,1p,cpg_demo_0819,26730,cpg_demo_0819
626558140458402433,Gender > F,Gender,F,Character,1p,cpg_demo_0819,26730,cpg_demo_0819
626558140458402434,Gender > M,Gender,M,Character,1p,cpg_demo_0819,26730,cpg_demo_0819
626558140458402435,Gender > O,Gender,O,Character,1p,cpg_demo_0819,26730,cpg_demo_0819
626558140458405999,Duty_Free_Beauty_Shopper > N,Duty_Free_Beauty_Shopper,N,Character,1p,cpg_demo_0819,26730,cpg_demo_0819
626558140458406000,Duty_Free_Beauty_Shopper > Y,Duty_Free_Beauty_Shopper,Y,Character,1p,cpg_demo_0819,26730,cpg_demo_0819
626558140458407951,Referral_Source > Advertisement,Referral_Source,Advertisement,Character,1p,cpg_demo_0819,26730,cpg_demo_0819
626558140458407952,Referral_Source > SocialMedia,Referral_Source,SocialMedia,Character,1p,cpg_demo_0819,26730,cpg_demo_0819
626558140458407953,Referral_Source > DirectMail,Referral_Source,DirectMail,Character,1p,cpg_demo_0819,26730,cpg_demo_0819
626558140458407954,Referral_Source > Email,Referral_Source,Email,Character,1p,cpg_demo_0819,26730,cpg_demo_0819
626558140458407955,Referral_Source > SearchEngine,Referral_Source,SearchEngine,Character,1p,cpg_demo_0819,26730,cpg_demo_0819
626558140458407956,Referral_Source > WordOfMouth,Referral_Source,WordOfMouth,Character,1p,cpg_demo_0819,26730,cpg_demo_0819
626558140458399976,Household_Size > 3,Household_Size,3,Character,1p,cpg_demo_0819,26730,cpg_demo_0819
626558140458399977,Household_Size > 1,Household_Size,1,Character,1p,cpg_demo_0819,26730,cpg_demo_0819
626558140458399978,Household_Size > 2,Household_Size,2,Character,1p,cpg_demo_0819,26730,cpg_demo_0819
626558140458399979,Household_Size > 5,Household_Size,5,Character,1p,cpg_demo_0819,26730,cpg_demo_0819
626558140458399980,Household_Size > 4,Household_Size,4,Character,1p,cpg_demo_0819,26730,cpg_demo_0819
626558140458399981,Household_Size > 7,Household_Size,7,Character,1p,cpg_demo_0819,26730,cpg_demo_0819
626558140458399982,Household_Size > 6,Household_Size,6,Character,1p,cpg_demo_0819,26730,cpg_demo_0819
626558140458406044,Email_Engagement_Level > Medium,Email_Engagement_Level,Medium,Character,1p,cpg_demo_0819,26730,cpg_demo_0819
626558140458406045,Email_Engagement_Level > Inactive,Email_Engagement_Level,Inactive,Character,1p,cpg_demo_0819,26730,cpg_demo_0819
626558140458406046,Email_Engagement_Level > Low,Email_Engagement_Level,Low,Character,1p,cpg_demo_0819,26730,cpg_demo_0819
626558140458406047,Email_Engagement_Level > High,Email_Engagement_Level,High,Character,1p,cpg_demo_0819,26730,cpg_demo_0819
626558140458408104,Preferred_Shopping_Channel > Online,Preferred_Shopping_Channel,Online,Character,1p,cpg_demo_0819,26730,cpg_demo_0819
626558140458408105,Preferred_Shopping_Channel > Phone,Preferred_Shopping_Channel,Phone,Character,1p,cpg_demo_0819,26730,cpg_demo_0819
626558140458408106,Preferred_Shopping_Channel > InStore,Preferred_Shopping_Channel,InStore,Character,1p,cpg_demo_0819,26730,cpg_demo_0819
626558140458408107,Preferred_Shopping_Channel > Hybrid,Preferred_Shopping_Channel,Hybrid,Character,1p,cpg_demo_0819,26730,cpg_demo_0819
626558140458408108,Preferred_Shopping_Channel > Mobile,Preferred_Shopping_Channel,Mobile,Character,1p,cpg_demo_0819,26730,cpg_demo_0819
626558140458404005,Married > N,Married,N,Character,1p,cpg_demo_0819,26730,cpg_demo_0819
626558140458404006,Married > Y,Married,Y,Character,1p,cpg_demo_0819,26730,cpg_demo_0819
626558140458402436,Skin_Concern_Primary > Redness,Skin_Concern_Primary,Redness,Character,1p,cpg_demo_0819,26730,cpg_demo_0819
626558140458402437,Skin_Concern_Primary > PoreSize,Skin_Concern_Primary,PoreSize,Character,1p,cpg_demo_0819,26730,cpg_demo_0819
626558140458402438,Skin_Concern_Primary > Hyperpigmentation,Skin_Concern_Primary,Hyperpigmentation,Character,1p,cpg_demo_0819,26730,cpg_demo_0819
626558140458402439,Skin_Concern_Primary > Aging,Skin_Concern_Primary,Aging,Character,1p,cpg_demo_0819,26730,cpg_demo_0819
626558140458402440,Skin_Concern_Primary > None,Skin_Concern_Primary,None,Character,1p,cpg_demo_0819,26730,cpg_demo_0819
626558140458402441,Skin_Concern_Primary > Dryness,Skin_Concern_Primary,Dryness,Character,1p,cpg_demo_0819,26730,cpg_demo_0819
626558140458402442,Skin_Concern_Primary > Acne,Skin_Concern_Primary,Acne,Character,1p,cpg_demo_0819,26730,cpg_demo_0819
626558140458402443,Skin_Concern_Primary > Sensitivity,Skin_Concern_Primary,Sensitivity,Character,1p,cpg_demo_0819,26730,cpg_demo_0819
626558140458402387,Curling_Iron_Straightener_Owner > N,Curling_Iron_Straightener_Owner,N,Character,1p,cpg_demo_0819,26730,cpg_demo_0819
626558140458402388,Curling_Iron_Straightener_Owner > Y,Curling_Iron_Straightener_Owner,Y,Character,1p,cpg_demo_0819,26730,cpg_demo_0819
626558140458406038,Elvive_Purchase_History > N,Elvive_Purchase_History,N,Character,1p,cpg_demo_0819,26730,cpg_demo_0819
626558140458406039,Elvive_Purchase_History > Y,Elvive_Purchase_History,Y,Character,1p,cpg_demo_0819,26730,cpg_demo_0819
626558140458408073,Moisturizer_Purchase_Frequency > Monthly,Moisturizer_Purchase_Frequency,Monthly,Character,1p,cpg_demo_0819,26730,cpg_demo_0819
626558140458408074,Moisturizer_Purchase_Frequency > Rarely,Moisturizer_Purchase_Frequency,Rarely,Character,1p,cpg_demo_0819,26730,cpg_demo_0819
626558140458408075,Moisturizer_Purchase_Frequency > Never,Moisturizer_Purchase_Frequency,Never,Character,1p,cpg_demo_0819,26730,cpg_demo_0819
626558140458408076,Moisturizer_Purchase_Frequency > Quarterly,Moisturizer_Purchase_Frequency,Quarterly,Character,1p,cpg_demo_0819,26730,cpg_demo_0819
626558140458408077,Moisturizer_Purchase_Frequency > Weekly,Moisturizer_Purchase_Frequency,Weekly,Character,1p,cpg_demo_0819,26730,cpg_demo_0819
626558140458404246,Blush_Bronzer_Category_Spend_Tier > Medium,Blush_Bronzer_Category_Spend_Tier,Medium,Character,1p,cpg_demo_0819,26730,cpg_demo_0819
626558140458404247,Blush_Bronzer_Category_Spend_Tier > Premium,Blush_Bronzer_Category_Spend_Tier,Premium,Character,1p,cpg_demo_0819,26730,cpg_demo_0819
626558140458404248,Blush_Bronzer_Category_Spend_Tier > Low,Blush_Bronzer_Category_Spend_Tier,Low,Character,1p,cpg_demo_0819,26730,cpg_demo_0819
626558140458404249,Blush_Bronzer_Category_Spend_Tier > High,Blush_Bronzer_Category_Spend_Tier,High,Character,1p,cpg_demo_0819,26730,cpg_demo_0819
626558140458408032,Brand_Loyalty_Score > 3,Brand_Loyalty_Score,3,Character,1p,cpg_demo_0819,26730,cpg_demo_0819
626558140458408033,Brand_Loyalty_Score > 1,Brand_Loyalty_Score,1,Character,1p,cpg_demo_0819,26730,cpg_demo_0819
626558140458408034,Brand_Loyalty_Score > 2,Brand_Loyalty_Score,2,Character,1p,cpg_demo_0819,26730,cpg_demo_0819
626558140458408035,Brand_Loyalty_Score > 5,Brand_Loyalty_Score,5,Character,1p,cpg_demo_0819,26730,cpg_demo_0819
626558140458408036,Brand_Loyalty_Score > 8,Brand_Loyalty_Score,8,Character,1p,cpg_demo_0819,26730,cpg_demo_0819
626558140458408037,Brand_Loyalty_Score > 4,Brand_Loyalty_Score,4,Character,1p,cpg_demo_0819,26730,cpg_demo_0819
626558140458408038,Brand_Loyalty_Score > 9,Brand_Loyalty_Score,9,Character,1p,cpg_demo_0819,26730,cpg_demo_0819
626558140458408039,Brand_Loyalty_Score > 7,Brand_Loyalty_Score,7,Character,1p,cpg_demo_0819,26730,cpg_demo_0819
626558140458408040,Brand_Loyalty_Score > 6,Brand_Loyalty_Score,6,Character,1p,cpg_demo_0819,26730,cpg_demo_0819
626558140458408041,Brand_Loyalty_Score > 10,Brand_Loyalty_Score,10,Character,1p,cpg_demo_0819,26730,cpg_demo_0819
626558140458406363,Foundation_Category_Purchase_Frequency > Monthly,Foundation_Category_Purchase_Frequency,Monthly,Character,1p,cpg_demo_0819,26730,cpg_demo_0819
626558140458406364,Foundation_Category_Purchase_Frequency > Rarely,Foundation_Category_Purchase_Frequency,Rarely,Character,1p,cpg_demo_0819,26730,cpg_demo_0819
626558140458406365,Foundation_Category_Purchase_Frequency > Never,Foundation_Category_Purchase_Frequency,Never,Character,1p,cpg_demo_0819,26730,cpg_demo_0819
626558140458406366,Foundation_Category_Purchase_Frequency > Quarterly,Foundation_Category_Purchase_Frequency,Quarterly,Character,1p,cpg_demo_0819,26730,cpg_demo_0819
626558140458406367,Foundation_Category_Purchase_Frequency > Weekly,Foundation_Category_Purchase_Frequency,Weekly,Character,1p,cpg_demo_0819,26730,cpg_demo_0819
626558140458401838,Cleansing_Purchase_Frequency > Monthly,Cleansing_Purchase_Frequency,Monthly,Character,1p,cpg_demo_0819,26730,cpg_demo_0819
626558140458401839,Cleansing_Purchase_Frequency > Rarely,Cleansing_Purchase_Frequency,Rarely,Character,1p,cpg_demo_0819,26730,cpg_demo_0819
626558140458401840,Cleansing_Purchase_Frequency > Never,Cleansing_Purchase_Frequency,Never,Character,1p,cpg_demo_0819,26730,cpg_demo_0819
626558140458401841,Cleansing_Purchase_Frequency > Quarterly,Cleansing_Purchase_Frequency,Quarterly,Character,1p,cpg_demo_0819,26730,cpg_demo_0819
626558140458401842,Cleansing_Purchase_Frequency > Weekly,Cleansing_Purchase_Frequency,Weekly,Character,1p,cpg_demo_0819,26730,cpg_demo_0819
626558140458402404,Hair_Dryer_Replacement_Cycle_Years > 3,Hair_Dryer_Replacement_Cycle_Years,3,Character,1p,cpg_demo_0819,26730,cpg_demo_0819
626558140458402405,Hair_Dryer_Replacement_Cycle_Years > 1,Hair_Dryer_Replacement_Cycle_Years,1,Character,1p,cpg_demo_0819,26730,cpg_demo_0819
626558140458402406,Hair_Dryer_Replacement_Cycle_Years > 2,Hair_Dryer_Replacement_Cycle_Years,2,Character,1p,cpg_demo_0819,26730,cpg_demo_0819
626558140458402407,Hair_Dryer_Replacement_Cycle_Years > 5,Hair_Dryer_Replacement_Cycle_Years,5,Character,1p,cpg_demo_0819,26730,cpg_demo_0819
626558140458402408,Hair_Dryer_Replacement_Cycle_Years > 8,Hair_Dryer_Replacement_Cycle_Years,8,Character,1p,cpg_demo_0819,26730,cpg_demo_0819
626558140458402409,Hair_Dryer_Replacement_Cycle_Years > 4,Hair_Dryer_Replacement_Cycle_Years,4,Character,1p,cpg_demo_0819,26730,cpg_demo_0819
626558140458402410,Hair_Dryer_Replacement_Cycle_Years > 7,Hair_Dryer_Replacement_Cycle_Years,7,Character,1p,cpg_demo_0819,26730,cpg_demo_0819
626558140458402411,Hair_Dryer_Replacement_Cycle_Years > 6,Hair_Dryer_Replacement_Cycle_Years,6,Character,1p,cpg_demo_0819,26730,cpg_demo_0819
626558140458407970,Beauty_Tutorial_Video_Viewer > N,Beauty_Tutorial_Video_Viewer,N,Character,1p,cpg_demo_0819,26730,cpg_demo_0819
626558140458407971,Beauty_Tutorial_Video_Viewer > Y,Beauty_Tutorial_Video_Viewer,Y,Character,1p,cpg_demo_0819,26730,cpg_demo_0819
626558140458402527,Vichy_Preference_Score > 3,Vichy_Preference_Score,3,Character,1p,cpg_demo_0819,26730,cpg_demo_0819
626558140458402528,Vichy_Preference_Score > 1,Vichy_Preference_Score,1,Character,1p,cpg_demo_0819,26730,cpg_demo_0819
626558140458402529,Vichy_Preference_Score > 2,Vichy_Preference_Score,2,Character,1p,cpg_demo_0819,26730,cpg_demo_0819
626558140458402530,Vichy_Preference_Score > 5,Vichy_Preference_Score,5,Character,1p,cpg_demo_0819,26730,cpg_demo_0819
626558140458402531,Vichy_Preference_Score > 8,Vichy_Preference_Score,8,Character,1p,cpg_demo_0819,26730,cpg_demo_0819
626558140458402532,Vichy_Preference_Score > 4,Vichy_Preference_Score,4,Character,1p,cpg_demo_0819,26730,cpg_demo_0819
626558140458402533,Vichy_Preference_Score > 9,Vichy_Preference_Score,9,Character,1p,cpg_demo_0819,26730,cpg_demo_0819
626558140458402534,Vichy_Preference_Score > 7,Vichy_Preference_Score,7,Character,1p,cpg_demo_0819,26730,cpg_demo_0819
626558140458402535,Vichy_Preference_Score > 6,Vichy_Preference_Score,6,Character,1p,cpg_demo_0819,26730,cpg_demo_0819
626558140458402536,Vichy_Preference_Score > 10,Vichy_Preference_Score,10,Character,1p,cpg_demo_0819,26730,cpg_demo_0819
626558140458403914,Elvive_Preference_Score > 3,Elvive_Preference_Score,3,Character,1p,cpg_demo_0819,26730,cpg_demo_0819
626558140458403915,Elvive_Preference_Score > 1,Elvive_Preference_Score,1,Character,1p,cpg_demo_0819,26730,cpg_demo_0819
626558140458403916,Elvive_Preference_Score > 2,Elvive_Preference_Score,2,Character,1p,cpg_demo_0819,26730,cpg_demo_0819
626558140458403917,Elvive_Preference_Score > 5,Elvive_Preference_Score,5,Character,1p,cpg_demo_0819,26730,cpg_demo_0819
626558140458403918,Elvive_Preference_Score > 8,Elvive_Preference_Score,8,Character,1p,cpg_demo_0819,26730,cpg_demo_0819
626558140458403919,Elvive_Preference_Score > 4,Elvive_Preference_Score,4,Character,1p,cpg_demo_0819,26730,cpg_demo_0819
626558140458403920,Elvive_Preference_Score > 9,Elvive_Preference_Score,9,Character,1p,cpg_demo_0819,26730,cpg_demo_0819
626558140458403921,Elvive_Preference_Score > 7,Elvive_Preference_Score,7,Character,1p,cpg_demo_0819,26730,cpg_demo_0819
626558140458403922,Elvive_Preference_Score > 6,Elvive_Preference_Score,6,Character,1p,cpg_demo_0819,26730,cpg_demo_0819
626558140458403923,Elvive_Preference_Score > 10,Elvive_Preference_Score,10,Character,1p,cpg_demo_0819,26730,cpg_demo_0819
626558140458404061,Investment_Account_Holder > N,Investment_Account_Holder,N,Character,1p,cpg_demo_0819,26730,cpg_demo_0819
626558140458404062,Investment_Account_Holder > Y,Investment_Account_Holder,Y,Character,1p,cpg_demo_0819,26730,cpg_demo_0819
626558140458403880,LOreal_Paris_Preference_Score > 3,LOreal_Paris_Preference_Score,3,Character,1p,cpg_demo_0819,26730,cpg_demo_0819
626558140458403881,LOreal_Paris_Preference_Score > 1,LOreal_Paris_Preference_Score,1,Character,1p,cpg_demo_0819,26730,cpg_demo_0819
626558140458403882,LOreal_Paris_Preference_Score > 2,LOreal_Paris_Preference_Score,2,Character,1p,cpg_demo_0819,26730,cpg_demo_0819
626558140458403883,LOreal_Paris_Preference_Score > 5,LOreal_Paris_Preference_Score,5,Character,1p,cpg_demo_0819,26730,cpg_demo_0819
626558140458403884,LOreal_Paris_Preference_Score > 8,LOreal_Paris_Preference_Score,8,Character,1p,cpg_demo_0819,26730,cpg_demo_0819
626558140458403885,LOreal_Paris_Preference_Score > 4,LOreal_Paris_Preference_Score,4,Character,1p,cpg_demo_0819,26730,cpg_demo_0819
626558140458403886,LOreal_Paris_Preference_Score > 9,LOreal_Paris_Preference_Score,9,Character,1p,cpg_demo_0819,26730,cpg_demo_0819
626558140458403887,LOreal_Paris_Preference_Score > 10,LOreal_Paris_Preference_Score,10,Character,1p,cpg_demo_0819,26730,cpg_demo_0819
626558140458403888,LOreal_Paris_Preference_Score > 6,LOreal_Paris_Preference_Score,6,Character,1p,cpg_demo_0819,26730,cpg_demo_0819
626558140458403889,LOreal_Paris_Preference_Score > 7,LOreal_Paris_Preference_Score,7,Character,1p,cpg_demo_0819,26730,cpg_demo_0819
626558140458401806,Virtual_Try_On_Tool_Usage > N,Virtual_Try_On_Tool_Usage,N,Character,1p,cpg_demo_0819,26730,cpg_demo_0819
626558140458401807,Virtual_Try_On_Tool_Usage > Y,Virtual_Try_On_Tool_Usage,Y,Character,1p,cpg_demo_0819,26730,cpg_demo_0819
626558140458406064,Viktor_Rolf_Preference_Score > 3,Viktor_Rolf_Preference_Score,3,Character,1p,cpg_demo_0819,26730,cpg_demo_0819
626558140458406065,Viktor_Rolf_Preference_Score > 1,Viktor_Rolf_Preference_Score,1,Character,1p,cpg_demo_0819,26730,cpg_demo_0819
626558140458406066,Viktor_Rolf_Preference_Score > 2,Viktor_Rolf_Preference_Score,2,Character,1p,cpg_demo_0819,26730,cpg_demo_0819
626558140458406067,Viktor_Rolf_Preference_Score > 5,Viktor_Rolf_Preference_Score,5,Character,1p,cpg_demo_0819,26730,cpg_demo_0819
626558140458406068,Viktor_Rolf_Preference_Score > 8,Viktor_Rolf_Preference_Score,8,Character,1p,cpg_demo_0819,26730,cpg_demo_0819
626558140458406069,Viktor_Rolf_Preference_Score > 4,Viktor_Rolf_Preference_Score,4,Character,1p,cpg_demo_0819,26730,cpg_demo_0819
626558140458406070,Viktor_Rolf_Preference_Score > 9,Viktor_Rolf_Preference_Score,9,Character,1p,cpg_demo_0819,26730,cpg_demo_0819
626558140458406071,Viktor_Rolf_Preference_Score > 7,Viktor_Rolf_Preference_Score,7,Character,1p,cpg_demo_0819,26730,cpg_demo_0819
626558140458406072,Viktor_Rolf_Preference_Score > 6,Viktor_Rolf_Preference_Score,6,Character,1p,cpg_demo_0819,26730,cpg_demo_0819
626558140458406073,Viktor_Rolf_Preference_Score > 10,Viktor_Rolf_Preference_Score,10,Character,1p,cpg_demo_0819,26730,cpg_demo_0819
626558140458408083,Primary_Bank_Type > RegionalBank,Primary_Bank_Type,RegionalBank,Character,1p,cpg_demo_0819,26730,cpg_demo_0819
626558140458408084,Primary_Bank_Type > CreditUnion,Primary_Bank_Type,CreditUnion,Character,1p,cpg_demo_0819,26730,cpg_demo_0819
626558140458408085,Primary_Bank_Type > NationalBank,Primary_Bank_Type,NationalBank,Character,1p,cpg_demo_0819,26730,cpg_demo_0819
626558140458408086,Primary_Bank_Type > OnlineBank,Primary_Bank_Type,OnlineBank,Character,1p,cpg_demo_0819,26730,cpg_demo_0819
626558140458406233,State_Code > GA,State_Code,GA,Character,1p,cpg_demo_0819,26730,cpg_demo_0819
626558140458406234,State_Code > PA,State_Code,PA,Character,1p,cpg_demo_0819,26730,cpg_demo_0819
626558140458406235,State_Code > SC,State_Code,SC,Character,1p,cpg_demo_0819,26730,cpg_demo_0819
626558140458406236,State_Code > OH,State_Code,OH,Character,1p,cpg_demo_0819,26730,cpg_demo_0819
626558140458406237,State_Code > FL,State_Code,FL,Character,1p,cpg_demo_0819,26730,cpg_demo_0819
626558140458406238,State_Code > NJ,State_Code,NJ,Character,1p,cpg_demo_0819,26730,cpg_demo_0819
626558140458406239,State_Code > MA,State_Code,MA,Character,1p,cpg_demo_0819,26730,cpg_demo_0819
626558140458406240,State_Code > LA,State_Code,LA,Character,1p,cpg_demo_0819,26730,cpg_demo_0819
626558140458406241,State_Code > MI,State_Code,MI,Character,1p,cpg_demo_0819,26730,cpg_demo_0819
626558140458406242,State_Code > AZ,State_Code,AZ,Character,1p,cpg_demo_0819,26730,cpg_demo_0819
626558140458406243,State_Code > UT,State_Code,UT,Character,1p,cpg_demo_0819,26730,cpg_demo_0819
626558140458406244,State_Code > AL,State_Code,AL,Character,1p,cpg_demo_0819,26730,cpg_demo_0819
626558140458406245,State_Code > CO,State_Code,CO,Character,1p,cpg_demo_0819,26730,cpg_demo_0819
626558140458406246,State_Code > CT,State_Code,CT,Character,1p,cpg_demo_0819,26730,cpg_demo_0819
626558140458406247,State_Code > CA,State_Code,CA,Character,1p,cpg_demo_0819,26730,cpg_demo_0819
626558140458406248,State_Code > MN,State_Code,MN,Character,1p,cpg_demo_0819,26730,cpg_demo_0819
626558140458406249,State_Code > NY,State_Code,NY,Character,1p,cpg_demo_0819,26730,cpg_demo_0819
626558140458406250,State_Code > VA,State_Code,VA,Character,1p,cpg_demo_0819,26730,cpg_demo_0819
626558140458406251,State_Code > WA,State_Code,WA,Character,1p,cpg_demo_0819,26730,cpg_demo_0819
626558140458406252,State_Code > OK,State_Code,OK,Character,1p,cpg_demo_0819,26730,cpg_demo_0819
626558140458406253,State_Code > TX,State_Code,TX,Character,1p,cpg_demo_0819,26730,cpg_demo_0819
626558140458406254,State_Code > NC,State_Code,NC,Character,1p,cpg_demo_0819,26730,cpg_demo_0819
626558140458406255,State_Code > IN,State_Code,IN,Character,1p,cpg_demo_0819,26730,cpg_demo_0819
626558140458406256,State_Code > MO,State_Code,MO,Character,1p,cpg_demo_0819,26730,cpg_demo_0819
626558140458406257,State_Code > MD,State_Code,MD,Character,1p,cpg_demo_0819,26730,cpg_demo_0819
626558140458406258,State_Code > IL,State_Code,IL,Character,1p,cpg_demo_0819,26730,cpg_demo_0819
626558140458406259,State_Code > WI,State_Code,WI,Character,1p,cpg_demo_0819,26730,cpg_demo_0819
626558140458406260,State_Code > NV,State_Code,NV,Character,1p,cpg_demo_0819,26730,cpg_demo_0819
626558140458406261,State_Code > TN,State_Code,TN,Character,1p,cpg_demo_0819,26730,cpg_demo_0819
626558140458406262,State_Code > OR,State_Code,OR,Character,1p,cpg_demo_0819,26730,cpg_demo_0819
626558140458404036,Household_Income_Range > Under30K,Household_Income_Range,Under30K,Character,1p,cpg_demo_0819,26730,cpg_demo_0819
626558140458404037,Household_Income_Range > 50K-75K,Household_Income_Range,50K-75K,Character,1p,cpg_demo_0819,26730,cpg_demo_0819
626558140458404038,Household_Income_Range > 30K-50K,Household_Income_Range,30K-50K,Character,1p,cpg_demo_0819,26730,cpg_demo_0819
626558140458404039,Household_Income_Range > 150K-200K,Household_Income_Range,150K-200K,Character,1p,cpg_demo_0819,26730,cpg_demo_0819
626558140458404040,Household_Income_Range > 200K-300K,Household_Income_Range,200K-300K,Character,1p,cpg_demo_0819,26730,cpg_demo_0819
626558140458404041,Household_Income_Range > 300K+,Household_Income_Range,300K+,Character,1p,cpg_demo_0819,26730,cpg_demo_0819
626558140458404042,Household_Income_Range > 75K-100K,Household_Income_Range,75K-100K,Character,1p,cpg_demo_0819,26730,cpg_demo_0819
626558140458404043,Household_Income_Range > 100K-150K,Household_Income_Range,100K-150K,Character,1p,cpg_demo_0819,26730,cpg_demo_0819
626558140458404200,Beauty_Masterclass_Webinar_Attendance > N,Beauty_Masterclass_Webinar_Attendance,N,Character,1p,cpg_demo_0819,26730,cpg_demo_0819
626558140458404201,Beauty_Masterclass_Webinar_Attendance > Y,Beauty_Masterclass_Webinar_Attendance,Y,Character,1p,cpg_demo_0819,26730,cpg_demo_0819
626558140458406074,Mobile_App_User > N,Mobile_App_User,N,Character,1p,cpg_demo_0819,26730,cpg_demo_0819
626558140458406075,Mobile_App_User > Y,Mobile_App_User,Y,Character,1p,cpg_demo_0819,26730,cpg_demo_0819
626558140458404196,Long_Wear_Makeup_Preference > N,Long_Wear_Makeup_Preference,N,Character,1p,cpg_demo_0819,26730,cpg_demo_0819
626558140458404197,Long_Wear_Makeup_Preference > Y,Long_Wear_Makeup_Preference,Y,Character,1p,cpg_demo_0819,26730,cpg_demo_0819
626558140458401877,Seasonal_Shopper_Type > YearRound,Seasonal_Shopper_Type,YearRound,Character,1p,cpg_demo_0819,26730,cpg_demo_0819
626558140458401878,Seasonal_Shopper_Type > SummerShopper,Seasonal_Shopper_Type,SummerShopper,Character,1p,cpg_demo_0819,26730,cpg_demo_0819
626558140458401879,Seasonal_Shopper_Type > WinterShopper,Seasonal_Shopper_Type,WinterShopper,Character,1p,cpg_demo_0819,26730,cpg_demo_0819
626558140458401880,Seasonal_Shopper_Type > SpringShopper,Seasonal_Shopper_Type,SpringShopper,Character,1p,cpg_demo_0819,26730,cpg_demo_0819
626558140458401881,Seasonal_Shopper_Type > FallShopper,Seasonal_Shopper_Type,FallShopper,Character,1p,cpg_demo_0819,26730,cpg_demo_0819
626558140458402414,Celebrity_Brand_Purchase_History > N,Celebrity_Brand_Purchase_History,N,Character,1p,cpg_demo_0819,26730,cpg_demo_0819
626558140458402415,Celebrity_Brand_Purchase_History > Y,Celebrity_Brand_Purchase_History,Y,Character,1p,cpg_demo_0819,26730,cpg_demo_0819
626558140458399972,Renters_Insurance_Holder > N,Renters_Insurance_Holder,N,Character,1p,cpg_demo_0819,26730,cpg_demo_0819
626558140458399973,Renters_Insurance_Holder > Y,Renters_Insurance_Holder,Y,Character,1p,cpg_demo_0819,26730,cpg_demo_0819
626558140458402444,Gluten_Free_Beauty_Preference > N,Gluten_Free_Beauty_Preference,N,Character,1p,cpg_demo_0819,26730,cpg_demo_0819
626558140458402445,Gluten_Free_Beauty_Preference > Y,Gluten_Free_Beauty_Preference,Y,Character,1p,cpg_demo_0819,26730,cpg_demo_0819
626558140458406036,Eyebrow_Grooming_Service_User > N,Eyebrow_Grooming_Service_User,N,Character,1p,cpg_demo_0819,26730,cpg_demo_0819
626558140458406037,Eyebrow_Grooming_Service_User > Y,Eyebrow_Grooming_Service_User,Y,Character,1p,cpg_demo_0819,26730,cpg_demo_0819
626558140458404017,Hair_Concern_Primary > HairLoss,Hair_Concern_Primary,HairLoss,Character,1p,cpg_demo_0819,26730,cpg_demo_0819
626558140458404018,Hair_Concern_Primary > Dandruff,Hair_Concern_Primary,Dandruff,Character,1p,cpg_demo_0819,26730,cpg_demo_0819
626558140458404019,Hair_Concern_Primary > Damage,Hair_Concern_Primary,Damage,Character,1p,cpg_demo_0819,26730,cpg_demo_0819
626558140458404020,Hair_Concern_Primary > Frizz,Hair_Concern_Primary,Frizz,Character,1p,cpg_demo_0819,26730,cpg_demo_0819
626558140458404021,Hair_Concern_Primary > None,Hair_Concern_Primary,None,Character,1p,cpg_demo_0819,26730,cpg_demo_0819
626558140458404022,Hair_Concern_Primary > ColorFading,Hair_Concern_Primary,ColorFading,Character,1p,cpg_demo_0819,26730,cpg_demo_0819
626558140458404023,Hair_Concern_Primary > Dryness,Hair_Concern_Primary,Dryness,Character,1p,cpg_demo_0819,26730,cpg_demo_0819
626558140458399744,Health_Insurance_Type > Private,Health_Insurance_Type,Private,Character,1p,cpg_demo_0819,26730,cpg_demo_0819
626558140458399745,Health_Insurance_Type > None,Health_Insurance_Type,None,Character,1p,cpg_demo_0819,26730,cpg_demo_0819
626558140458399746,Health_Insurance_Type > Government,Health_Insurance_Type,Government,Character,1p,cpg_demo_0819,26730,cpg_demo_0819
626558140458399747,Health_Insurance_Type > Employer,Health_Insurance_Type,Employer,Character,1p,cpg_demo_0819,26730,cpg_demo_0819
626558140458401823,At_Home_Hair_Color_User > N,At_Home_Hair_Color_User,N,Character,1p,cpg_demo_0819,26730,cpg_demo_0819
626558140458401824,At_Home_Hair_Color_User > Y,At_Home_Hair_Color_User,Y,Character,1p,cpg_demo_0819,26730,cpg_demo_0819
626558140458403910,Homeownership_Status > Rent,Homeownership_Status,Rent,Character,1p,cpg_demo_0819,26730,cpg_demo_0819
626558140458403911,Homeownership_Status > Own,Homeownership_Status,Own,Character,1p,cpg_demo_0819,26730,cpg_demo_0819
626558140458403912,Homeownership_Status > Other,Homeownership_Status,Other,Character,1p,cpg_demo_0819,26730,cpg_demo_0819
626558140458403913,Homeownership_Status > LiveWithFamily,Homeownership_Status,LiveWithFamily,Character,1p,cpg_demo_0819,26730,cpg_demo_0819
626558140458405995,Lip_Care_Spend_Tier > Medium,Lip_Care_Spend_Tier,Medium,Character,1p,cpg_demo_0819,26730,cpg_demo_0819
626558140458405996,Lip_Care_Spend_Tier > Premium,Lip_Care_Spend_Tier,Premium,Character,1p,cpg_demo_0819,26730,cpg_demo_0819
626558140458405997,Lip_Care_Spend_Tier > Low,Lip_Care_Spend_Tier,Low,Character,1p,cpg_demo_0819,26730,cpg_demo_0819
626558140458405998,Lip_Care_Spend_Tier > High,Lip_Care_Spend_Tier,High,Character,1p,cpg_demo_0819,26730,cpg_demo_0819
626558140458408011,Beauty_Content_Creation_Frequency > Rarely,Beauty_Content_Creation_Frequency,Rarely,Character,1p,cpg_demo_0819,26730,cpg_demo_0819
626558140458408012,Beauty_Content_Creation_Frequency > Never,Beauty_Content_Creation_Frequency,Never,Character,1p,cpg_demo_0819,26730,cpg_demo_0819
626558140458408013,Beauty_Content_Creation_Frequency > Occasionally,Beauty_Content_Creation_Frequency,Occasionally,Character,1p,cpg_demo_0819,26730,cpg_demo_0819
626558140458408014,Beauty_Content_Creation_Frequency > Frequently,Beauty_Content_Creation_Frequency,Frequently,Character,1p,cpg_demo_0819,26730,cpg_demo_0819
626558140458408119,Time_Zone > Mountain,Time_Zone,Mountain,Character,1p,cpg_demo_0819,26730,cpg_demo_0819
626558140458408120,Time_Zone > Eastern,Time_Zone,Eastern,Character,1p,cpg_demo_0819,26730,cpg_demo_0819
626558140458408121,Time_Zone > Pacific,Time_Zone,Pacific,Character,1p,cpg_demo_0819,26730,cpg_demo_0819
626558140458408122,Time_Zone > Central,Time_Zone,Central,Character,1p,cpg_demo_0819,26730,cpg_demo_0819
626558140458406078,Haircare_Purchase_Frequency > Monthly,Haircare_Purchase_Frequency,Monthly,Character,1p,cpg_demo_0819,26730,cpg_demo_0819
626558140458406079,Haircare_Purchase_Frequency > Rarely,Haircare_Purchase_Frequency,Rarely,Character,1p,cpg_demo_0819,26730,cpg_demo_0819
626558140458406080,Haircare_Purchase_Frequency > Never,Haircare_Purchase_Frequency,Never,Character,1p,cpg_demo_0819,26730,cpg_demo_0819
626558140458406081,Haircare_Purchase_Frequency > Quarterly,Haircare_Purchase_Frequency,Quarterly,Character,1p,cpg_demo_0819,26730,cpg_demo_0819
626558140458406082,Haircare_Purchase_Frequency > Weekly,Haircare_Purchase_Frequency,Weekly,Character,1p,cpg_demo_0819,26730,cpg_demo_0819
626558140458407945,Vichy_Purchase_History > N,Vichy_Purchase_History,N,Character,1p,cpg_demo_0819,26730,cpg_demo_0819
626558140458407946,Vichy_Purchase_History > Y,Vichy_Purchase_History,Y,Character,1p,cpg_demo_0819,26730,cpg_demo_0819
626558140458399987,Price_Promotion_Responsiveness_Score > 3,Price_Promotion_Responsiveness_Score,3,Character,1p,cpg_demo_0819,26730,cpg_demo_0819
626558140458399988,Price_Promotion_Responsiveness_Score > 1,Price_Promotion_Responsiveness_Score,1,Character,1p,cpg_demo_0819,26730,cpg_demo_0819
626558140458399989,Price_Promotion_Responsiveness_Score > 2,Price_Promotion_Responsiveness_Score,2,Character,1p,cpg_demo_0819,26730,cpg_demo_0819
626558140458399990,Price_Promotion_Responsiveness_Score > 5,Price_Promotion_Responsiveness_Score,5,Character,1p,cpg_demo_0819,26730,cpg_demo_0819
626558140458399991,Price_Promotion_Responsiveness_Score > 8,Price_Promotion_Responsiveness_Score,8,Character,1p,cpg_demo_0819,26730,cpg_demo_0819
626558140458399992,Price_Promotion_Responsiveness_Score > 4,Price_Promotion_Responsiveness_Score,4,Character,1p,cpg_demo_0819,26730,cpg_demo_0819
626558140458399993,Price_Promotion_Responsiveness_Score > 9,Price_Promotion_Responsiveness_Score,9,Character,1p,cpg_demo_0819,26730,cpg_demo_0819
626558140458399994,Price_Promotion_Responsiveness_Score > 10,Price_Promotion_Responsiveness_Score,10,Character,1p,cpg_demo_0819,26730,cpg_demo_0819
626558140458399995,Price_Promotion_Responsiveness_Score > 7,Price_Promotion_Responsiveness_Score,7,Character,1p,cpg_demo_0819,26730,cpg_demo_0819
626558140458399996,Price_Promotion_Responsiveness_Score > 6,Price_Promotion_Responsiveness_Score,6,Character,1p,cpg_demo_0819,26730,cpg_demo_0819
626558140458406320,Hyaluronic_Acid_Product_User > N,Hyaluronic_Acid_Product_User,N,Character,1p,cpg_demo_0819,26730,cpg_demo_0819
626558140458406321,Hyaluronic_Acid_Product_User > Y,Hyaluronic_Acid_Product_User,Y,Character,1p,cpg_demo_0819,26730,cpg_demo_0819
626558140458406016,Wellness_Beauty_Category_Spend_Tier > Medium,Wellness_Beauty_Category_Spend_Tier,Medium,Character,1p,cpg_demo_0819,26730,cpg_demo_0819
626558140458406017,Wellness_Beauty_Category_Spend_Tier > Premium,Wellness_Beauty_Category_Spend_Tier,Premium,Character,1p,cpg_demo_0819,26730,cpg_demo_0819
626558140458406018,Wellness_Beauty_Category_Spend_Tier > Low,Wellness_Beauty_Category_Spend_Tier,Low,Character,1p,cpg_demo_0819,26730,cpg_demo_0819
626558140458406019,Wellness_Beauty_Category_Spend_Tier > High,Wellness_Beauty_Category_Spend_Tier,High,Character,1p,cpg_demo_0819,26730,cpg_demo_0819
626558140458399983,Eye_Care_Spend_Tier > Medium,Eye_Care_Spend_Tier,Medium,Character,1p,cpg_demo_0819,26730,cpg_demo_0819
626558140458399984,Eye_Care_Spend_Tier > Premium,Eye_Care_Spend_Tier,Premium,Character,1p,cpg_demo_0819,26730,cpg_demo_0819
626558140458399985,Eye_Care_Spend_Tier > Low,Eye_Care_Spend_Tier,Low,Character,1p,cpg_demo_0819,26730,cpg_demo_0819
626558140458399986,Eye_Care_Spend_Tier > High,Eye_Care_Spend_Tier,High,Character,1p,cpg_demo_0819,26730,cpg_demo_0819
626558140458406101,Hair_Extension_User > N,Hair_Extension_User,N,Character,1p,cpg_demo_0819,26730,cpg_demo_0819
626558140458406102,Hair_Extension_User > Y,Hair_Extension_User,Y,Character,1p,cpg_demo_0819,26730,cpg_demo_0819
626558140458402543,Vegan_Beauty_Product_Preference > N,Vegan_Beauty_Product_Preference,N,Character,1p,cpg_demo_0819,26730,cpg_demo_0819
626558140458402544,Vegan_Beauty_Product_Preference > Y,Vegan_Beauty_Product_Preference,Y,Character,1p,cpg_demo_0819,26730,cpg_demo_0819
626558140458403924,Skincare_Spend_Tier > Medium,Skincare_Spend_Tier,Medium,Character,1p,cpg_demo_0819,26730,cpg_demo_0819
626558140458403925,Skincare_Spend_Tier > Premium,Skincare_Spend_Tier,Premium,Character,1p,cpg_demo_0819,26730,cpg_demo_0819
626558140458403926,Skincare_Spend_Tier > Low,Skincare_Spend_Tier,Low,Character,1p,cpg_demo_0819,26730,cpg_demo_0819
626558140458403927,Skincare_Spend_Tier > High,Skincare_Spend_Tier,High,Character,1p,cpg_demo_0819,26730,cpg_demo_0819
626558140458406297,Beauty_Device_Owner_Facial_Cleansing > N,Beauty_Device_Owner_Facial_Cleansing,N,Character,1p,cpg_demo_0819,26730,cpg_demo_0819
626558140458406298,Beauty_Device_Owner_Facial_Cleansing > Y,Beauty_Device_Owner_Facial_Cleansing,Y,Character,1p,cpg_demo_0819,26730,cpg_demo_0819
626558140458401997,Men_Grooming_Category_Spend_Tier > Medium,Men_Grooming_Category_Spend_Tier,Medium,Character,1p,cpg_demo_0819,26730,cpg_demo_0819
626558140458401998,Men_Grooming_Category_Spend_Tier > Premium,Men_Grooming_Category_Spend_Tier,Premium,Character,1p,cpg_demo_0819,26730,cpg_demo_0819
626558140458401999,Men_Grooming_Category_Spend_Tier > Low,Men_Grooming_Category_Spend_Tier,Low,Character,1p,cpg_demo_0819,26730,cpg_demo_0819
626558140458402000,Men_Grooming_Category_Spend_Tier > High,Men_Grooming_Category_Spend_Tier,High,Character,1p,cpg_demo_0819,26730,cpg_demo_0819
626558140458402525,Mature_Skin_Product_Buyer > N,Mature_Skin_Product_Buyer,N,Character,1p,cpg_demo_0819,26730,cpg_demo_0819
626558140458402526,Mature_Skin_Product_Buyer > Y,Mature_Skin_Product_Buyer,Y,Character,1p,cpg_demo_0819,26730,cpg_demo_0819
626558140458404221,Specialty_Beauty_Retailer_Shopper > N,Specialty_Beauty_Retailer_Shopper,N,Character,1p,cpg_demo_0819,26730,cpg_demo_0819
626558140458404222,Specialty_Beauty_Retailer_Shopper > Y,Specialty_Beauty_Retailer_Shopper,Y,Character,1p,cpg_demo_0819,26730,cpg_demo_0819
626558140458406022,Maybelline_Purchase_History > N,Maybelline_Purchase_History,N,Character,1p,cpg_demo_0819,26730,cpg_demo_0819
626558140458406023,Maybelline_Purchase_History > Y,Maybelline_Purchase_History,Y,Character,1p,cpg_demo_0819,26730,cpg_demo_0819
626558140458402470,Helena_Rubinstein_Purchase_History > N,Helena_Rubinstein_Purchase_History,N,Character,1p,cpg_demo_0819,26730,cpg_demo_0819
626558140458402471,Helena_Rubinstein_Purchase_History > Y,Helena_Rubinstein_Purchase_History,Y,Character,1p,cpg_demo_0819,26730,cpg_demo_0819
626558140458403906,Lip_Product_Purchase_Frequency > Monthly,Lip_Product_Purchase_Frequency,Monthly,Character,1p,cpg_demo_0819,26730,cpg_demo_0819
626558140458403907,Lip_Product_Purchase_Frequency > Rarely,Lip_Product_Purchase_Frequency,Rarely,Character,1p,cpg_demo_0819,26730,cpg_demo_0819
626558140458403908,Lip_Product_Purchase_Frequency > Quarterly,Lip_Product_Purchase_Frequency,Quarterly,Character,1p,cpg_demo_0819,26730,cpg_demo_0819
626558140458403909,Lip_Product_Purchase_Frequency > Weekly,Lip_Product_Purchase_Frequency,Weekly,Character,1p,cpg_demo_0819,26730,cpg_demo_0819
626558140458408134,Cruelty_Free_Preference > N,Cruelty_Free_Preference,N,Character,1p,cpg_demo_0819,26730,cpg_demo_0819
626558140458408135,Cruelty_Free_Preference > Y,Cruelty_Free_Preference,Y,Character,1p,cpg_demo_0819,26730,cpg_demo_0819
626558140458404172,Influencer_Content_Engagement_Level > Medium,Influencer_Content_Engagement_Level,Medium,Character,1p,cpg_demo_0819,26730,cpg_demo_0819
626558140458404173,Influencer_Content_Engagement_Level > None,Influencer_Content_Engagement_Level,None,Character,1p,cpg_demo_0819,26730,cpg_demo_0819
626558140458404174,Influencer_Content_Engagement_Level > Low,Influencer_Content_Engagement_Level,Low,Character,1p,cpg_demo_0819,26730,cpg_demo_0819
626558140458404175,Influencer_Content_Engagement_Level > High,Influencer_Content_Engagement_Level,High,Character,1p,cpg_demo_0819,26730,cpg_demo_0819
626558140458402519,Limited_Edition_Collection_Buyer > N,Limited_Edition_Collection_Buyer,N,Character,1p,cpg_demo_0819,26730,cpg_demo_0819
626558140458402520,Limited_Edition_Collection_Buyer > Y,Limited_Edition_Collection_Buyer,Y,Character,1p,cpg_demo_0819,26730,cpg_demo_0819
626558140458408015,Makeup_Usage_Frequency > Daily,Makeup_Usage_Frequency,Daily,Character,1p,cpg_demo_0819,26730,cpg_demo_0819
626558140458408016,Makeup_Usage_Frequency > Never,Makeup_Usage_Frequency,Never,Character,1p,cpg_demo_0819,26730,cpg_demo_0819
626558140458408017,Makeup_Usage_Frequency > Occasionally,Makeup_Usage_Frequency,Occasionally,Character,1p,cpg_demo_0819,26730,cpg_demo_0819
626558140458408018,Makeup_Usage_Frequency > FewTimesWeek,Makeup_Usage_Frequency,FewTimesWeek,Character,1p,cpg_demo_0819,26730,cpg_demo_0819
626558140458408019,Makeup_Usage_Frequency > Weekly,Makeup_Usage_Frequency,Weekly,Character,1p,cpg_demo_0819,26730,cpg_demo_0819
626558140458403928,Holiday_Beauty_Gift_Set_Buyer > N,Holiday_Beauty_Gift_Set_Buyer,N,Character,1p,cpg_demo_0819,26730,cpg_demo_0819
626558140458403929,Holiday_Beauty_Gift_Set_Buyer > Y,Holiday_Beauty_Gift_Set_Buyer,Y,Character,1p,cpg_demo_0819,26730,cpg_demo_0819
626558140458406024,Essie_Preference_Score > 3,Essie_Preference_Score,3,Character,1p,cpg_demo_0819,26730,cpg_demo_0819
626558140458406025,Essie_Preference_Score > 1,Essie_Preference_Score,1,Character,1p,cpg_demo_0819,26730,cpg_demo_0819
626558140458406026,Essie_Preference_Score > 2,Essie_Preference_Score,2,Character,1p,cpg_demo_0819,26730,cpg_demo_0819
626558140458406027,Essie_Preference_Score > 5,Essie_Preference_Score,5,Character,1p,cpg_demo_0819,26730,cpg_demo_0819
626558140458406028,Essie_Preference_Score > 8,Essie_Preference_Score,8,Character,1p,cpg_demo_0819,26730,cpg_demo_0819
626558140458406029,Essie_Preference_Score > 4,Essie_Preference_Score,4,Character,1p,cpg_demo_0819,26730,cpg_demo_0819
626558140458406030,Essie_Preference_Score > 9,Essie_Preference_Score,9,Character,1p,cpg_demo_0819,26730,cpg_demo_0819
626558140458406031,Essie_Preference_Score > 7,Essie_Preference_Score,7,Character,1p,cpg_demo_0819,26730,cpg_demo_0819
626558140458406032,Essie_Preference_Score > 6,Essie_Preference_Score,6,Character,1p,cpg_demo_0819,26730,cpg_demo_0819
626558140458406033,Essie_Preference_Score > 10,Essie_Preference_Score,10,Character,1p,cpg_demo_0819,26730,cpg_demo_0819
626558140458406311,Wellness_Beauty_Supplement_User > N,Wellness_Beauty_Supplement_User,N,Character,1p,cpg_demo_0819,26730,cpg_demo_0819
626558140458406312,Wellness_Beauty_Supplement_User > Y,Wellness_Beauty_Supplement_User,Y,Character,1p,cpg_demo_0819,26730,cpg_demo_0819
626558140458408044,Skin_Type > Combination,Skin_Type,Combination,Character,1p,cpg_demo_0819,26730,cpg_demo_0819
626558140458408045,Skin_Type > Dry,Skin_Type,Dry,Character,1p,cpg_demo_0819,26730,cpg_demo_0819
626558140458408046,Skin_Type > Oily,Skin_Type,Oily,Character,1p,cpg_demo_0819,26730,cpg_demo_0819
626558140458408047,Skin_Type > Sensitive,Skin_Type,Sensitive,Character,1p,cpg_demo_0819,26730,cpg_demo_0819
626558140458408048,Skin_Type > Normal,Skin_Type,Normal,Character,1p,cpg_demo_0819,26730,cpg_demo_0819
626558140458401819,Beauty_Subscription_Box_Member > N,Beauty_Subscription_Box_Member,N,Character,1p,cpg_demo_0819,26730,cpg_demo_0819
626558140458401820,Beauty_Subscription_Box_Member > Y,Beauty_Subscription_Box_Member,Y,Character,1p,cpg_demo_0819,26730,cpg_demo_0819
626558140458401924,Lancome_Preference_Score > 3,Lancome_Preference_Score,3,Character,1p,cpg_demo_0819,26730,cpg_demo_0819
626558140458401925,Lancome_Preference_Score > 1,Lancome_Preference_Score,1,Character,1p,cpg_demo_0819,26730,cpg_demo_0819
626558140458401926,Lancome_Preference_Score > 2,Lancome_Preference_Score,2,Character,1p,cpg_demo_0819,26730,cpg_demo_0819
626558140458401927,Lancome_Preference_Score > 5,Lancome_Preference_Score,5,Character,1p,cpg_demo_0819,26730,cpg_demo_0819
626558140458401928,Lancome_Preference_Score > 8,Lancome_Preference_Score,8,Character,1p,cpg_demo_0819,26730,cpg_demo_0819
626558140458401929,Lancome_Preference_Score > 4,Lancome_Preference_Score,4,Character,1p,cpg_demo_0819,26730,cpg_demo_0819
626558140458401930,Lancome_Preference_Score > 9,Lancome_Preference_Score,9,Character,1p,cpg_demo_0819,26730,cpg_demo_0819
626558140458401931,Lancome_Preference_Score > 7,Lancome_Preference_Score,7,Character,1p,cpg_demo_0819,26730,cpg_demo_0819
626558140458401932,Lancome_Preference_Score > 10,Lancome_Preference_Score,10,Character,1p,cpg_demo_0819,26730,cpg_demo_0819
626558140458401933,Lancome_Preference_Score > 6,Lancome_Preference_Score,6,Character,1p,cpg_demo_0819,26730,cpg_demo_0819
626558140458406267,Vitamin_C_Serum_User > N,Vitamin_C_Serum_User,N,Character,1p,cpg_demo_0819,26730,cpg_demo_0819
626558140458406268,Vitamin_C_Serum_User > Y,Vitamin_C_Serum_User,Y,Character,1p,cpg_demo_0819,26730,cpg_demo_0819
626558140458402001,Ambre_Solaire_Purchase_History > N,Ambre_Solaire_Purchase_History,N,Character,1p,cpg_demo_0819,26730,cpg_demo_0819
626558140458402002,Ambre_Solaire_Purchase_History > Y,Ambre_Solaire_Purchase_History,Y,Character,1p,cpg_demo_0819,26730,cpg_demo_0819
626558140458406040,Primary_Device_Type > Tablet,Primary_Device_Type,Tablet,Character,1p,cpg_demo_0819,26730,cpg_demo_0819
626558140458406041,Primary_Device_Type > Desktop,Primary_Device_Type,Desktop,Character,1p,cpg_demo_0819,26730,cpg_demo_0819
626558140458406042,Primary_Device_Type > Android,Primary_Device_Type,Android,Character,1p,cpg_demo_0819,26730,cpg_demo_0819
626558140458406043,Primary_Device_Type > iOS,Primary_Device_Type,iOS,Character,1p,cpg_demo_0819,26730,cpg_demo_0819
626558140458408060,Botox_Filler_Interest > N,Botox_Filler_Interest,N,Character,1p,cpg_demo_0819,26730,cpg_demo_0819
626558140458408061,Botox_Filler_Interest > Y,Botox_Filler_Interest,Y,Character,1p,cpg_demo_0819,26730,cpg_demo_0819
626558140458402503,Essie_Purchase_History > N,Essie_Purchase_History,N,Character,1p,cpg_demo_0819,26730,cpg_demo_0819
626558140458402504,Essie_Purchase_History > Y,Essie_Purchase_History,Y,Character,1p,cpg_demo_0819,26730,cpg_demo_0819
626558140458406020,Scalp_Care_Routine_User > N,Scalp_Care_Routine_User,N,Character,1p,cpg_demo_0819,26730,cpg_demo_0819
626558140458406021,Scalp_Care_Routine_User > Y,Scalp_Care_Routine_User,Y,Character,1p,cpg_demo_0819,26730,cpg_demo_0819
626558140458406368,Cross_Category_Beauty_Buyer > N,Cross_Category_Beauty_Buyer,N,Character,1p,cpg_demo_0819,26730,cpg_demo_0819
626558140458406369,Cross_Category_Beauty_Buyer > Y,Cross_Category_Beauty_Buyer,Y,Character,1p,cpg_demo_0819,26730,cpg_demo_0819
626558140458404044,Bath_Products_Purchase_Frequency > Monthly,Bath_Products_Purchase_Frequency,Monthly,Character,1p,cpg_demo_0819,26730,cpg_demo_0819
626558140458404045,Bath_Products_Purchase_Frequency > Rarely,Bath_Products_Purchase_Frequency,Rarely,Character,1p,cpg_demo_0819,26730,cpg_demo_0819
626558140458404046,Bath_Products_Purchase_Frequency > Never,Bath_Products_Purchase_Frequency,Never,Character,1p,cpg_demo_0819,26730,cpg_demo_0819
626558140458404047,Bath_Products_Purchase_Frequency > Quarterly,Bath_Products_Purchase_Frequency,Quarterly,Character,1p,cpg_demo_0819,26730,cpg_demo_0819
626558140458404048,Bath_Products_Purchase_Frequency > Weekly,Bath_Products_Purchase_Frequency,Weekly,Character,1p,cpg_demo_0819,26730,cpg_demo_0819
626558140458406324,YSL_Beauty_Purchase_History > N,YSL_Beauty_Purchase_History,N,Character,1p,cpg_demo_0819,26730,cpg_demo_0819
626558140458406325,YSL_Beauty_Purchase_History > Y,YSL_Beauty_Purchase_History,Y,Character,1p,cpg_demo_0819,26730,cpg_demo_0819
626558140458401987,Matrix_Preference_Score > 3,Matrix_Preference_Score,3,Character,1p,cpg_demo_0819,26730,cpg_demo_0819
626558140458401988,Matrix_Preference_Score > 1,Matrix_Preference_Score,1,Character,1p,cpg_demo_0819,26730,cpg_demo_0819
626558140458401989,Matrix_Preference_Score > 2,Matrix_Preference_Score,2,Character,1p,cpg_demo_0819,26730,cpg_demo_0819
626558140458401990,Matrix_Preference_Score > 5,Matrix_Preference_Score,5,Character,1p,cpg_demo_0819,26730,cpg_demo_0819
626558140458401991,Matrix_Preference_Score > 8,Matrix_Preference_Score,8,Character,1p,cpg_demo_0819,26730,cpg_demo_0819
626558140458401992,Matrix_Preference_Score > 4,Matrix_Preference_Score,4,Character,1p,cpg_demo_0819,26730,cpg_demo_0819
626558140458401993,Matrix_Preference_Score > 9,Matrix_Preference_Score,9,Character,1p,cpg_demo_0819,26730,cpg_demo_0819
626558140458401994,Matrix_Preference_Score > 7,Matrix_Preference_Score,7,Character,1p,cpg_demo_0819,26730,cpg_demo_0819
626558140458401995,Matrix_Preference_Score > 6,Matrix_Preference_Score,6,Character,1p,cpg_demo_0819,26730,cpg_demo_0819
626558140458401996,Matrix_Preference_Score > 10,Matrix_Preference_Score,10,Character,1p,cpg_demo_0819,26730,cpg_demo_0819
626558140458408129,Makeup_Purchase_Frequency > Monthly,Makeup_Purchase_Frequency,Monthly,Character,1p,cpg_demo_0819,26730,cpg_demo_0819
626558140458408130,Makeup_Purchase_Frequency > Rarely,Makeup_Purchase_Frequency,Rarely,Character,1p,cpg_demo_0819,26730,cpg_demo_0819
626558140458408131,Makeup_Purchase_Frequency > Never,Makeup_Purchase_Frequency,Never,Character,1p,cpg_demo_0819,26730,cpg_demo_0819
626558140458408132,Makeup_Purchase_Frequency > Quarterly,Makeup_Purchase_Frequency,Quarterly,Character,1p,cpg_demo_0819,26730,cpg_demo_0819
626558140458408133,Makeup_Purchase_Frequency > Weekly,Makeup_Purchase_Frequency,Weekly,Character,1p,cpg_demo_0819,26730,cpg_demo_0819
626558140458401915,Anti_Aging_Product_Interest > N,Anti_Aging_Product_Interest,N,Character,1p,cpg_demo_0819,26730,cpg_demo_0819
626558140458401916,Anti_Aging_Product_Interest > Y,Anti_Aging_Product_Interest,Y,Character,1p,cpg_demo_0819,26730,cpg_demo_0819
626558140458404207,Maybelline_Preference_Score > 3,Maybelline_Preference_Score,3,Character,1p,cpg_demo_0819,26730,cpg_demo_0819
626558140458404208,Maybelline_Preference_Score > 1,Maybelline_Preference_Score,1,Character,1p,cpg_demo_0819,26730,cpg_demo_0819
626558140458404209,Maybelline_Preference_Score > 2,Maybelline_Preference_Score,2,Character,1p,cpg_demo_0819,26730,cpg_demo_0819
626558140458404210,Maybelline_Preference_Score > 5,Maybelline_Preference_Score,5,Character,1p,cpg_demo_0819,26730,cpg_demo_0819
626558140458404211,Maybelline_Preference_Score > 8,Maybelline_Preference_Score,8,Character,1p,cpg_demo_0819,26730,cpg_demo_0819
626558140458404212,Maybelline_Preference_Score > 4,Maybelline_Preference_Score,4,Character,1p,cpg_demo_0819,26730,cpg_demo_0819
626558140458404213,Maybelline_Preference_Score > 9,Maybelline_Preference_Score,9,Character,1p,cpg_demo_0819,26730,cpg_demo_0819
626558140458404214,Maybelline_Preference_Score > 7,Maybelline_Preference_Score,7,Character,1p,cpg_demo_0819,26730,cpg_demo_0819
626558140458404215,Maybelline_Preference_Score > 6,Maybelline_Preference_Score,6,Character,1p,cpg_demo_0819,26730,cpg_demo_0819
626558140458404216,Maybelline_Preference_Score > 10,Maybelline_Preference_Score,10,Character,1p,cpg_demo_0819,26730,cpg_demo_0819
626558140458401888,Review_Writer > N,Review_Writer,N,Character,1p,cpg_demo_0819,26730,cpg_demo_0819
626558140458401889,Review_Writer > Y,Review_Writer,Y,Character,1p,cpg_demo_0819,26730,cpg_demo_0819
626558140458401977,Mugler_Preference_Score > 3,Mugler_Preference_Score,3,Character,1p,cpg_demo_0819,26730,cpg_demo_0819
626558140458401978,Mugler_Preference_Score > 1,Mugler_Preference_Score,1,Character,1p,cpg_demo_0819,26730,cpg_demo_0819
626558140458401979,Mugler_Preference_Score > 2,Mugler_Preference_Score,2,Character,1p,cpg_demo_0819,26730,cpg_demo_0819
626558140458401980,Mugler_Preference_Score > 5,Mugler_Preference_Score,5,Character,1p,cpg_demo_0819,26730,cpg_demo_0819
626558140458401981,Mugler_Preference_Score > 8,Mugler_Preference_Score,8,Character,1p,cpg_demo_0819,26730,cpg_demo_0819
626558140458401982,Mugler_Preference_Score > 4,Mugler_Preference_Score,4,Character,1p,cpg_demo_0819,26730,cpg_demo_0819
626558140458401983,Mugler_Preference_Score > 9,Mugler_Preference_Score,9,Character,1p,cpg_demo_0819,26730,cpg_demo_0819
626558140458401984,Mugler_Preference_Score > 10,Mugler_Preference_Score,10,Character,1p,cpg_demo_0819,26730,cpg_demo_0819
626558140458401985,Mugler_Preference_Score > 6,Mugler_Preference_Score,6,Character,1p,cpg_demo_0819,26730,cpg_demo_0819
626558140458401986,Mugler_Preference_Score > 7,Mugler_Preference_Score,7,Character,1p,cpg_demo_0819,26730,cpg_demo_0819
626558140458402541,Fragrance_Gift_Set_Buyer > N,Fragrance_Gift_Set_Buyer,N,Character,1p,cpg_demo_0819,26730,cpg_demo_0819
626558140458402542,Fragrance_Gift_Set_Buyer > Y,Fragrance_Gift_Set_Buyer,Y,Character,1p,cpg_demo_0819,26730,cpg_demo_0819
626558140458402505,Helena_Rubinstein_Preference_Score > 3,Helena_Rubinstein_Preference_Score,3,Character,1p,cpg_demo_0819,26730,cpg_demo_0819
626558140458402506,Helena_Rubinstein_Preference_Score > 1,Helena_Rubinstein_Preference_Score,1,Character,1p,cpg_demo_0819,26730,cpg_demo_0819
626558140458402507,Helena_Rubinstein_Preference_Score > 2,Helena_Rubinstein_Preference_Score,2,Character,1p,cpg_demo_0819,26730,cpg_demo_0819
626558140458402508,Helena_Rubinstein_Preference_Score > 5,Helena_Rubinstein_Preference_Score,5,Character,1p,cpg_demo_0819,26730,cpg_demo_0819
626558140458402509,Helena_Rubinstein_Preference_Score > 8,Helena_Rubinstein_Preference_Score,8,Character,1p,cpg_demo_0819,26730,cpg_demo_0819
626558140458402510,Helena_Rubinstein_Preference_Score > 4,Helena_Rubinstein_Preference_Score,4,Character,1p,cpg_demo_0819,26730,cpg_demo_0819
626558140458402511,Helena_Rubinstein_Preference_Score > 9,Helena_Rubinstein_Preference_Score,9,Character,1p,cpg_demo_0819,26730,cpg_demo_0819
626558140458402512,Helena_Rubinstein_Preference_Score > 10,Helena_Rubinstein_Preference_Score,10,Character,1p,cpg_demo_0819,26730,cpg_demo_0819
626558140458402513,Helena_Rubinstein_Preference_Score > 6,Helena_Rubinstein_Preference_Score,6,Character,1p,cpg_demo_0819,26730,cpg_demo_0819
626558140458402514,Helena_Rubinstein_Preference_Score > 7,Helena_Rubinstein_Preference_Score,7,Character,1p,cpg_demo_0819,26730,cpg_demo_0819
626558140458401945,Matrix_Purchase_History > N,Matrix_Purchase_History,N,Character,1p,cpg_demo_0819,26730,cpg_demo_0819
626558140458401946,Matrix_Purchase_History > Y,Matrix_Purchase_History,Y,Character,1p,cpg_demo_0819,26730,cpg_demo_0819
626558140458402017,Hair_Type > Wavy,Hair_Type,Wavy,Character,1p,cpg_demo_0819,26730,cpg_demo_0819
626558140458402018,Hair_Type > Curly,Hair_Type,Curly,Character,1p,cpg_demo_0819,26730,cpg_demo_0819
626558140458402019,Hair_Type > Straight,Hair_Type,Straight,Character,1p,cpg_demo_0819,26730,cpg_demo_0819
626558140458402020,Hair_Type > Coily,Hair_Type,Coily,Character,1p,cpg_demo_0819,26730,cpg_demo_0819
626558140458406313,AI_Skin_Diagnostic_Tool_Usage > N,AI_Skin_Diagnostic_Tool_Usage,N,Character,1p,cpg_demo_0819,26730,cpg_demo_0819
626558140458406314,AI_Skin_Diagnostic_Tool_Usage > Y,AI_Skin_Diagnostic_Tool_Usage,Y,Character,1p,cpg_demo_0819,26730,cpg_demo_0819
626558140458401855,Beauty_Loyalty_Tier_Status > Silver,Beauty_Loyalty_Tier_Status,Silver,Character,1p,cpg_demo_0819,26730,cpg_demo_0819
626558140458401856,Beauty_Loyalty_Tier_Status > Platinum,Beauty_Loyalty_Tier_Status,Platinum,Character,1p,cpg_demo_0819,26730,cpg_demo_0819
626558140458401857,Beauty_Loyalty_Tier_Status > Gold,Beauty_Loyalty_Tier_Status,Gold,Character,1p,cpg_demo_0819,26730,cpg_demo_0819
626558140458401858,Beauty_Loyalty_Tier_Status > None,Beauty_Loyalty_Tier_Status,None,Character,1p,cpg_demo_0819,26730,cpg_demo_0819
626558140458401859,Beauty_Loyalty_Tier_Status > Bronze,Beauty_Loyalty_Tier_Status,Bronze,Character,1p,cpg_demo_0819,26730,cpg_demo_0819
626558140458402401,Urban_Rural_Classification > Suburban,Urban_Rural_Classification,Suburban,Character,1p,cpg_demo_0819,26730,cpg_demo_0819
626558140458402402,Urban_Rural_Classification > Rural,Urban_Rural_Classification,Rural,Character,1p,cpg_demo_0819,26730,cpg_demo_0819
626558140458402403,Urban_Rural_Classification > Urban,Urban_Rural_Classification,Urban,Character,1p,cpg_demo_0819,26730,cpg_demo_0819
626558140458403890,Self_Tanner_Frequency > Monthly,Self_Tanner_Frequency,Monthly,Character,1p,cpg_demo_0819,26730,cpg_demo_0819
626558140458403891,Self_Tanner_Frequency > Never,Self_Tanner_Frequency,Never,Character,1p,cpg_demo_0819,26730,cpg_demo_0819
626558140458403892,Self_Tanner_Frequency > Weekly,Self_Tanner_Frequency,Weekly,Character,1p,cpg_demo_0819,26730,cpg_demo_0819
626558140458403893,Self_Tanner_Frequency > Seasonally,Self_Tanner_Frequency,Seasonally,Character,1p,cpg_demo_0819,26730,cpg_demo_0819
626558140458403864,Foundation_Shade_Match_Difficulty_Score > 3,Foundation_Shade_Match_Difficulty_Score,3,Character,1p,cpg_demo_0819,26730,cpg_demo_0819
626558140458403865,Foundation_Shade_Match_Difficulty_Score > 1,Foundation_Shade_Match_Difficulty_Score,1,Character,1p,cpg_demo_0819,26730,cpg_demo_0819
626558140458403866,Foundation_Shade_Match_Difficulty_Score > 2,Foundation_Shade_Match_Difficulty_Score,2,Character,1p,cpg_demo_0819,26730,cpg_demo_0819
626558140458403867,Foundation_Shade_Match_Difficulty_Score > 5,Foundation_Shade_Match_Difficulty_Score,5,Character,1p,cpg_demo_0819,26730,cpg_demo_0819
626558140458403868,Foundation_Shade_Match_Difficulty_Score > 8,Foundation_Shade_Match_Difficulty_Score,8,Character,1p,cpg_demo_0819,26730,cpg_demo_0819
626558140458403869,Foundation_Shade_Match_Difficulty_Score > 4,Foundation_Shade_Match_Difficulty_Score,4,Character,1p,cpg_demo_0819,26730,cpg_demo_0819
626558140458403870,Foundation_Shade_Match_Difficulty_Score > 9,Foundation_Shade_Match_Difficulty_Score,9,Character,1p,cpg_demo_0819,26730,cpg_demo_0819
626558140458403871,Foundation_Shade_Match_Difficulty_Score > 7,Foundation_Shade_Match_Difficulty_Score,7,Character,1p,cpg_demo_0819,26730,cpg_demo_0819
626558140458403872,Foundation_Shade_Match_Difficulty_Score > 6,Foundation_Shade_Match_Difficulty_Score,6,Character,1p,cpg_demo_0819,26730,cpg_demo_0819
626558140458403873,Foundation_Shade_Match_Difficulty_Score > 10,Foundation_Shade_Match_Difficulty_Score,10,Character,1p,cpg_demo_0819,26730,cpg_demo_0819
626558140458404225,Kiehls_Preference_Score > 3,Kiehls_Preference_Score,3,Character,1p,cpg_demo_0819,26730,cpg_demo_0819
626558140458404226,Kiehls_Preference_Score > 1,Kiehls_Preference_Score,1,Character,1p,cpg_demo_0819,26730,cpg_demo_0819
626558140458404227,Kiehls_Preference_Score > 2,Kiehls_Preference_Score,2,Character,1p,cpg_demo_0819,26730,cpg_demo_0819
626558140458404228,Kiehls_Preference_Score > 5,Kiehls_Preference_Score,5,Character,1p,cpg_demo_0819,26730,cpg_demo_0819
626558140458404229,Kiehls_Preference_Score > 8,Kiehls_Preference_Score,8,Character,1p,cpg_demo_0819,26730,cpg_demo_0819
626558140458404230,Kiehls_Preference_Score > 4,Kiehls_Preference_Score,4,Character,1p,cpg_demo_0819,26730,cpg_demo_0819
626558140458404231,Kiehls_Preference_Score > 9,Kiehls_Preference_Score,9,Character,1p,cpg_demo_0819,26730,cpg_demo_0819
626558140458404232,Kiehls_Preference_Score > 7,Kiehls_Preference_Score,7,Character,1p,cpg_demo_0819,26730,cpg_demo_0819
626558140458404233,Kiehls_Preference_Score > 6,Kiehls_Preference_Score,6,Character,1p,cpg_demo_0819,26730,cpg_demo_0819
626558140458404234,Kiehls_Preference_Score > 10,Kiehls_Preference_Score,10,Character,1p,cpg_demo_0819,26730,cpg_demo_0819
626558140458408052,Serum_Spend_Tier > Medium,Serum_Spend_Tier,Medium,Character,1p,cpg_demo_0819,26730,cpg_demo_0819
626558140458408053,Serum_Spend_Tier > Premium,Serum_Spend_Tier,Premium,Character,1p,cpg_demo_0819,26730,cpg_demo_0819
626558140458408054,Serum_Spend_Tier > Low,Serum_Spend_Tier,Low,Character,1p,cpg_demo_0819,26730,cpg_demo_0819
626558140458408055,Serum_Spend_Tier > High,Serum_Spend_Tier,High,Character,1p,cpg_demo_0819,26730,cpg_demo_0819
626558140458403942,Special_Occasion_Makeup_Service_User > N,Special_Occasion_Makeup_Service_User,N,Character,1p,cpg_demo_0819,26730,cpg_demo_0819
626558140458403943,Special_Occasion_Makeup_Service_User > Y,Special_Occasion_Makeup_Service_User,Y,Character,1p,cpg_demo_0819,26730,cpg_demo_0819
626558140458403983,Beauty_Review_Site_Visitor > N,Beauty_Review_Site_Visitor,N,Character,1p,cpg_demo_0819,26730,cpg_demo_0819
626558140458403984,Beauty_Review_Site_Visitor > Y,Beauty_Review_Site_Visitor,Y,Character,1p,cpg_demo_0819,26730,cpg_demo_0819
626558140458406076,Giorgio_Armani_Beauty_Purchase_History > N,Giorgio_Armani_Beauty_Purchase_History,N,Character,1p,cpg_demo_0819,26730,cpg_demo_0819
626558140458406077,Giorgio_Armani_Beauty_Purchase_History > Y,Giorgio_Armani_Beauty_Purchase_History,Y,Character,1p,cpg_demo_0819,26730,cpg_demo_0819
626558140458404242,Do_Not_Contact_Flag > N,Do_Not_Contact_Flag,N,Character,1p,cpg_demo_0819,26730,cpg_demo_0819
626558140458404243,Do_Not_Contact_Flag > Y,Do_Not_Contact_Flag,Y,Character,1p,cpg_demo_0819,26730,cpg_demo_0819
626558140458407964,Life_Stage > YoungCouple,Life_Stage,YoungCouple,Character,1p,cpg_demo_0819,26730,cpg_demo_0819
626558140458407965,Life_Stage > EmptyNester,Life_Stage,EmptyNester,Character,1p,cpg_demo_0819,26730,cpg_demo_0819
626558140458407966,Life_Stage > Retiree,Life_Stage,Retiree,Character,1p,cpg_demo_0819,26730,cpg_demo_0819
626558140458407967,Life_Stage > FamilyTeens,Life_Stage,FamilyTeens,Character,1p,cpg_demo_0819,26730,cpg_demo_0819
626558140458407968,Life_Stage > YoungSingle,Life_Stage,YoungSingle,Character,1p,cpg_demo_0819,26730,cpg_demo_0819
626558140458407969,Life_Stage > FamilyYoungKids,Life_Stage,FamilyYoungKids,Character,1p,cpg_demo_0819,26730,cpg_demo_0819
626558140458406357,Clean_Beauty_Preference > N,Clean_Beauty_Preference,N,Character,1p,cpg_demo_0819,26730,cpg_demo_0819
626558140458406358,Clean_Beauty_Preference > Y,Clean_Beauty_Preference,Y,Character,1p,cpg_demo_0819,26730,cpg_demo_0819
626558140458408028,Makeup_Spend_Tier > Medium,Makeup_Spend_Tier,Medium,Character,1p,cpg_demo_0819,26730,cpg_demo_0819
626558140458408029,Makeup_Spend_Tier > Premium,Makeup_Spend_Tier,Premium,Character,1p,cpg_demo_0819,26730,cpg_demo_0819
626558140458408030,Makeup_Spend_Tier > Low,Makeup_Spend_Tier,Low,Character,1p,cpg_demo_0819,26730,cpg_demo_0819
626558140458408031,Makeup_Spend_Tier > High,Makeup_Spend_Tier,High,Character,1p,cpg_demo_0819,26730,cpg_demo_0819
626558140458406103,Hair_Color_Category_Purchase_Frequency > Monthly,Hair_Color_Category_Purchase_Frequency,Monthly,Character,1p,cpg_demo_0819,26730,cpg_demo_0819
626558140458406104,Hair_Color_Category_Purchase_Frequency > Rarely,Hair_Color_Category_Purchase_Frequency,Rarely,Character,1p,cpg_demo_0819,26730,cpg_demo_0819
626558140458406105,Hair_Color_Category_Purchase_Frequency > Never,Hair_Color_Category_Purchase_Frequency,Never,Character,1p,cpg_demo_0819,26730,cpg_demo_0819
626558140458406106,Hair_Color_Category_Purchase_Frequency > Quarterly,Hair_Color_Category_Purchase_Frequency,Quarterly,Character,1p,cpg_demo_0819,26730,cpg_demo_0819
626558140458406107,Hair_Color_Category_Purchase_Frequency > Weekly,Hair_Color_Category_Purchase_Frequency,Weekly,Character,1p,cpg_demo_0819,26730,cpg_demo_0819
626558140458406289,Primary_Social_Platform > Facebook,Primary_Social_Platform,Facebook,Character,1p,cpg_demo_0819,26730,cpg_demo_0819
626558140458406290,Primary_Social_Platform > LinkedIn,Primary_Social_Platform,LinkedIn,Character,1p,cpg_demo_0819,26730,cpg_demo_0819
626558140458406291,Primary_Social_Platform > Twitter,Primary_Social_Platform,Twitter,Character,1p,cpg_demo_0819,26730,cpg_demo_0819
626558140458406292,Primary_Social_Platform > YouTube,Primary_Social_Platform,YouTube,Character,1p,cpg_demo_0819,26730,cpg_demo_0819
626558140458406293,Primary_Social_Platform > Pinterest,Primary_Social_Platform,Pinterest,Character,1p,cpg_demo_0819,26730,cpg_demo_0819
626558140458406294,Primary_Social_Platform > None,Primary_Social_Platform,None,Character,1p,cpg_demo_0819,26730,cpg_demo_0819
626558140458406295,Primary_Social_Platform > Instagram,Primary_Social_Platform,Instagram,Character,1p,cpg_demo_0819,26730,cpg_demo_0819
626558140458406296,Primary_Social_Platform > TikTok,Primary_Social_Platform,TikTok,Character,1p,cpg_demo_0819,26730,cpg_demo_0819
626558140458399997,Department_Store_Beauty_Counter_Shopper > N,Department_Store_Beauty_Counter_Shopper,N,Character,1p,cpg_demo_0819,26730,cpg_demo_0819
626558140458399998,Department_Store_Beauty_Counter_Shopper > Y,Department_Store_Beauty_Counter_Shopper,Y,Character,1p,cpg_demo_0819,26730,cpg_demo_0819
626558140458402495,Med_Spa_Treatment_User > N,Med_Spa_Treatment_User,N,Character,1p,cpg_demo_0819,26730,cpg_demo_0819
626558140458402496,Med_Spa_Treatment_User > Y,Med_Spa_Treatment_User,Y,Character,1p,cpg_demo_0819,26730,cpg_demo_0819
626558140458403899,Skincare_Purchase_Frequency > Monthly,Skincare_Purchase_Frequency,Monthly,Character,1p,cpg_demo_0819,26730,cpg_demo_0819
626558140458403900,Skincare_Purchase_Frequency > Rarely,Skincare_Purchase_Frequency,Rarely,Character,1p,cpg_demo_0819,26730,cpg_demo_0819
626558140458403901,Skincare_Purchase_Frequency > Never,Skincare_Purchase_Frequency,Never,Character,1p,cpg_demo_0819,26730,cpg_demo_0819
626558140458403902,Skincare_Purchase_Frequency > Quarterly,Skincare_Purchase_Frequency,Quarterly,Character,1p,cpg_demo_0819,26730,cpg_demo_0819
626558140458403903,Skincare_Purchase_Frequency > Weekly,Skincare_Purchase_Frequency,Weekly,Character,1p,cpg_demo_0819,26730,cpg_demo_0819
626558140458403940,Newsletter_Subscriber > N,Newsletter_Subscriber,N,Character,1p,cpg_demo_0819,26730,cpg_demo_0819
626558140458403941,Newsletter_Subscriber > Y,Newsletter_Subscriber,Y,Character,1p,cpg_demo_0819,26730,cpg_demo_0819
626558140458408024,J_Beauty_Trend_Follower > N,J_Beauty_Trend_Follower,N,Character,1p,cpg_demo_0819,26730,cpg_demo_0819
626558140458408025,J_Beauty_Trend_Follower > Y,J_Beauty_Trend_Follower,Y,Character,1p,cpg_demo_0819,26730,cpg_demo_0819
626558140458401971,Household_Internet_Speed_Tier > Fiber,Household_Internet_Speed_Tier,Fiber,Character,1p,cpg_demo_0819,26730,cpg_demo_0819
626558140458401972,Household_Internet_Speed_Tier > Basic,Household_Internet_Speed_Tier,Basic,Character,1p,cpg_demo_0819,26730,cpg_demo_0819
626558140458401973,Household_Internet_Speed_Tier > Premium,Household_Internet_Speed_Tier,Premium,Character,1p,cpg_demo_0819,26730,cpg_demo_0819
626558140458401974,Household_Internet_Speed_Tier > Standard,Household_Internet_Speed_Tier,Standard,Character,1p,cpg_demo_0819,26730,cpg_demo_0819
626558140458402537,Region > South,Region,South,Character,1p,cpg_demo_0819,26730,cpg_demo_0819
626558140458402538,Region > Northeast,Region,Northeast,Character,1p,cpg_demo_0819,26730,cpg_demo_0819
626558140458402539,Region > Midwest,Region,Midwest,Character,1p,cpg_demo_0819,26730,cpg_demo_0819
626558140458402540,Region > West,Region,West,Character,1p,cpg_demo_0819,26730,cpg_demo_0819
626558140458404007,Redken_Preference_Score > 3,Redken_Preference_Score,3,Character,1p,cpg_demo_0819,26730,cpg_demo_0819
626558140458404008,Redken_Preference_Score > 1,Redken_Preference_Score,1,Character,1p,cpg_demo_0819,26730,cpg_demo_0819
626558140458404009,Redken_Preference_Score > 2,Redken_Preference_Score,2,Character,1p,cpg_demo_0819,26730,cpg_demo_0819
626558140458404010,Redken_Preference_Score > 5,Redken_Preference_Score,5,Character,1p,cpg_demo_0819,26730,cpg_demo_0819
626558140458404011,Redken_Preference_Score > 8,Redken_Preference_Score,8,Character,1p,cpg_demo_0819,26730,cpg_demo_0819
626558140458404012,Redken_Preference_Score > 4,Redken_Preference_Score,4,Character,1p,cpg_demo_0819,26730,cpg_demo_0819
626558140458404013,Redken_Preference_Score > 9,Redken_Preference_Score,9,Character,1p,cpg_demo_0819,26730,cpg_demo_0819
626558140458404014,Redken_Preference_Score > 10,Redken_Preference_Score,10,Character,1p,cpg_demo_0819,26730,cpg_demo_0819
626558140458404015,Redken_Preference_Score > 7,Redken_Preference_Score,7,Character,1p,cpg_demo_0819,26730,cpg_demo_0819
626558140458404016,Redken_Preference_Score > 6,Redken_Preference_Score,6,Character,1p,cpg_demo_0819,26730,cpg_demo_0819
626558140458408042,Clinical_Skincare_Interest > N,Clinical_Skincare_Interest,N,Character,1p,cpg_demo_0819,26730,cpg_demo_0819
626558140458408043,Clinical_Skincare_Interest > Y,Clinical_Skincare_Interest,Y,Character,1p,cpg_demo_0819,26730,cpg_demo_0819
626558140458404049,Biotherm_Preference_Score > 3,Biotherm_Preference_Score,3,Character,1p,cpg_demo_0819,26730,cpg_demo_0819
626558140458404050,Biotherm_Preference_Score > 1,Biotherm_Preference_Score,1,Character,1p,cpg_demo_0819,26730,cpg_demo_0819
626558140458404051,Biotherm_Preference_Score > 2,Biotherm_Preference_Score,2,Character,1p,cpg_demo_0819,26730,cpg_demo_0819
626558140458404052,Biotherm_Preference_Score > 5,Biotherm_Preference_Score,5,Character,1p,cpg_demo_0819,26730,cpg_demo_0819
626558140458404053,Biotherm_Preference_Score > 8,Biotherm_Preference_Score,8,Character,1p,cpg_demo_0819,26730,cpg_demo_0819
626558140458404054,Biotherm_Preference_Score > 4,Biotherm_Preference_Score,4,Character,1p,cpg_demo_0819,26730,cpg_demo_0819
626558140458404055,Biotherm_Preference_Score > 9,Biotherm_Preference_Score,9,Character,1p,cpg_demo_0819,26730,cpg_demo_0819
626558140458404056,Biotherm_Preference_Score > 10,Biotherm_Preference_Score,10,Character,1p,cpg_demo_0819,26730,cpg_demo_0819
626558140458404057,Biotherm_Preference_Score > 6,Biotherm_Preference_Score,6,Character,1p,cpg_demo_0819,26730,cpg_demo_0819
626558140458404058,Biotherm_Preference_Score > 7,Biotherm_Preference_Score,7,Character,1p,cpg_demo_0819,26730,cpg_demo_0819
626558140458399999,Personalized_Beauty_Product_Interest > N,Personalized_Beauty_Product_Interest,N,Character,1p,cpg_demo_0819,26730,cpg_demo_0819
626558140458400000,Personalized_Beauty_Product_Interest > Y,Personalized_Beauty_Product_Interest,Y,Character,1p,cpg_demo_0819,26730,cpg_demo_0819
626558140458406299,Urban_Decay_Preference_Score > 3,Urban_Decay_Preference_Score,3,Character,1p,cpg_demo_0819,26730,cpg_demo_0819
626558140458406300,Urban_Decay_Preference_Score > 1,Urban_Decay_Preference_Score,1,Character,1p,cpg_demo_0819,26730,cpg_demo_0819
626558140458406301,Urban_Decay_Preference_Score > 2,Urban_Decay_Preference_Score,2,Character,1p,cpg_demo_0819,26730,cpg_demo_0819
626558140458406302,Urban_Decay_Preference_Score > 5,Urban_Decay_Preference_Score,5,Character,1p,cpg_demo_0819,26730,cpg_demo_0819
626558140458406303,Urban_Decay_Preference_Score > 8,Urban_Decay_Preference_Score,8,Character,1p,cpg_demo_0819,26730,cpg_demo_0819
626558140458406304,Urban_Decay_Preference_Score > 4,Urban_Decay_Preference_Score,4,Character,1p,cpg_demo_0819,26730,cpg_demo_0819
626558140458406305,Urban_Decay_Preference_Score > 9,Urban_Decay_Preference_Score,9,Character,1p,cpg_demo_0819,26730,cpg_demo_0819
626558140458406306,Urban_Decay_Preference_Score > 10,Urban_Decay_Preference_Score,10,Character,1p,cpg_demo_0819,26730,cpg_demo_0819
626558140458406307,Urban_Decay_Preference_Score > 6,Urban_Decay_Preference_Score,6,Character,1p,cpg_demo_0819,26730,cpg_demo_0819
626558140458406308,Urban_Decay_Preference_Score > 7,Urban_Decay_Preference_Score,7,Character,1p,cpg_demo_0819,26730,cpg_demo_0819
626558140458408020,Online_Shopping_Frequency > Monthly,Online_Shopping_Frequency,Monthly,Character,1p,cpg_demo_0819,26730,cpg_demo_0819
626558140458408021,Online_Shopping_Frequency > Rarely,Online_Shopping_Frequency,Rarely,Character,1p,cpg_demo_0819,26730,cpg_demo_0819
626558140458408022,Online_Shopping_Frequency > Quarterly,Online_Shopping_Frequency,Quarterly,Character,1p,cpg_demo_0819,26730,cpg_demo_0819
626558140458408023,Online_Shopping_Frequency > Weekly,Online_Shopping_Frequency,Weekly,Character,1p,cpg_demo_0819,26730,cpg_demo_0819
626558140458401917,Hypoallergenic_Product_Preference > N,Hypoallergenic_Product_Preference,N,Character,1p,cpg_demo_0819,26730,cpg_demo_0819
626558140458401918,Hypoallergenic_Product_Preference > Y,Hypoallergenic_Product_Preference,Y,Character,1p,cpg_demo_0819,26730,cpg_demo_0819
626558140458401896,Giorgio_Armani_Beauty_Preference_Score > 3,Giorgio_Armani_Beauty_Preference_Score,3,Character,1p,cpg_demo_0819,26730,cpg_demo_0819
626558140458401897,Giorgio_Armani_Beauty_Preference_Score > 1,Giorgio_Armani_Beauty_Preference_Score,1,Character,1p,cpg_demo_0819,26730,cpg_demo_0819
626558140458401898,Giorgio_Armani_Beauty_Preference_Score > 2,Giorgio_Armani_Beauty_Preference_Score,2,Character,1p,cpg_demo_0819,26730,cpg_demo_0819
626558140458401899,Giorgio_Armani_Beauty_Preference_Score > 5,Giorgio_Armani_Beauty_Preference_Score,5,Character,1p,cpg_demo_0819,26730,cpg_demo_0819
626558140458401900,Giorgio_Armani_Beauty_Preference_Score > 8,Giorgio_Armani_Beauty_Preference_Score,8,Character,1p,cpg_demo_0819,26730,cpg_demo_0819
626558140458401901,Giorgio_Armani_Beauty_Preference_Score > 4,Giorgio_Armani_Beauty_Preference_Score,4,Character,1p,cpg_demo_0819,26730,cpg_demo_0819
626558140458401902,Giorgio_Armani_Beauty_Preference_Score > 9,Giorgio_Armani_Beauty_Preference_Score,9,Character,1p,cpg_demo_0819,26730,cpg_demo_0819
626558140458401903,Giorgio_Armani_Beauty_Preference_Score > 10,Giorgio_Armani_Beauty_Preference_Score,10,Character,1p,cpg_demo_0819,26730,cpg_demo_0819
626558140458401904,Giorgio_Armani_Beauty_Preference_Score > 7,Giorgio_Armani_Beauty_Preference_Score,7,Character,1p,cpg_demo_0819,26730,cpg_demo_0819
626558140458401905,Giorgio_Armani_Beauty_Preference_Score > 6,Giorgio_Armani_Beauty_Preference_Score,6,Character,1p,cpg_demo_0819,26730,cpg_demo_0819
626558140458405981,Nail_Care_Purchase_Frequency > Monthly,Nail_Care_Purchase_Frequency,Monthly,Character,1p,cpg_demo_0819,26730,cpg_demo_0819
626558140458405982,Nail_Care_Purchase_Frequency > Rarely,Nail_Care_Purchase_Frequency,Rarely,Character,1p,cpg_demo_0819,26730,cpg_demo_0819
626558140458405983,Nail_Care_Purchase_Frequency > Never,Nail_Care_Purchase_Frequency,Never,Character,1p,cpg_demo_0819,26730,cpg_demo_0819
626558140458405984,Nail_Care_Purchase_Frequency > Quarterly,Nail_Care_Purchase_Frequency,Quarterly,Character,1p,cpg_demo_0819,26730,cpg_demo_0819
626558140458405985,Nail_Care_Purchase_Frequency > Weekly,Nail_Care_Purchase_Frequency,Weekly,Character,1p,cpg_demo_0819,26730,cpg_demo_0819
626558140458399748,CeraVe_Purchase_History > N,CeraVe_Purchase_History,N,Character,1p,cpg_demo_0819,26730,cpg_demo_0819
626558140458399749,CeraVe_Purchase_History > Y,CeraVe_Purchase_History,Y,Character,1p,cpg_demo_0819,26730,cpg_demo_0819
626558140458408062,Net_Promoter_Score > 0,Net_Promoter_Score,0,Character,1p,cpg_demo_0819,26730,cpg_demo_0819
626558140458408063,Net_Promoter_Score > 3,Net_Promoter_Score,3,Character,1p,cpg_demo_0819,26730,cpg_demo_0819
626558140458408064,Net_Promoter_Score > 1,Net_Promoter_Score,1,Character,1p,cpg_demo_0819,26730,cpg_demo_0819
626558140458408065,Net_Promoter_Score > 2,Net_Promoter_Score,2,Character,1p,cpg_demo_0819,26730,cpg_demo_0819
626558140458408066,Net_Promoter_Score > 5,Net_Promoter_Score,5,Character,1p,cpg_demo_0819,26730,cpg_demo_0819
626558140458408067,Net_Promoter_Score > 8,Net_Promoter_Score,8,Character,1p,cpg_demo_0819,26730,cpg_demo_0819
626558140458408068,Net_Promoter_Score > 4,Net_Promoter_Score,4,Character,1p,cpg_demo_0819,26730,cpg_demo_0819
626558140458408069,Net_Promoter_Score > 9,Net_Promoter_Score,9,Character,1p,cpg_demo_0819,26730,cpg_demo_0819
626558140458408070,Net_Promoter_Score > 7,Net_Promoter_Score,7,Character,1p,cpg_demo_0819,26730,cpg_demo_0819
626558140458408071,Net_Promoter_Score > 6,Net_Promoter_Score,6,Character,1p,cpg_demo_0819,26730,cpg_demo_0819
626558140458408072,Net_Promoter_Score > 10,Net_Promoter_Score,10,Character,1p,cpg_demo_0819,26730,cpg_demo_0819
626558140458408094,CeraVe_Preference_Score > 3,CeraVe_Preference_Score,3,Character,1p,cpg_demo_0819,26730,cpg_demo_0819
626558140458408095,CeraVe_Preference_Score > 1,CeraVe_Preference_Score,1,Character,1p,cpg_demo_0819,26730,cpg_demo_0819
626558140458408096,CeraVe_Preference_Score > 2,CeraVe_Preference_Score,2,Character,1p,cpg_demo_0819,26730,cpg_demo_0819
626558140458408097,CeraVe_Preference_Score > 5,CeraVe_Preference_Score,5,Character,1p,cpg_demo_0819,26730,cpg_demo_0819
626558140458408098,CeraVe_Preference_Score > 8,CeraVe_Preference_Score,8,Character,1p,cpg_demo_0819,26730,cpg_demo_0819
626558140458408099,CeraVe_Preference_Score > 4,CeraVe_Preference_Score,4,Character,1p,cpg_demo_0819,26730,cpg_demo_0819
626558140458408100,CeraVe_Preference_Score > 9,CeraVe_Preference_Score,9,Character,1p,cpg_demo_0819,26730,cpg_demo_0819
626558140458408101,CeraVe_Preference_Score > 10,CeraVe_Preference_Score,10,Character,1p,cpg_demo_0819,26730,cpg_demo_0819
626558140458408102,CeraVe_Preference_Score > 7,CeraVe_Preference_Score,7,Character,1p,cpg_demo_0819,26730,cpg_demo_0819
626558140458408103,CeraVe_Preference_Score > 6,CeraVe_Preference_Score,6,Character,1p,cpg_demo_0819,26730,cpg_demo_0819
626558140458404198,Direct_To_Consumer_Website_Shopper > N,Direct_To_Consumer_Website_Shopper,N,Character,1p,cpg_demo_0819,26730,cpg_demo_0819
626558140458404199,Direct_To_Consumer_Website_Shopper > Y,Direct_To_Consumer_Website_Shopper,Y,Character,1p,cpg_demo_0819,26730,cpg_demo_0819
626558140458408092,Baby_Care_Product_Buyer > N,Baby_Care_Product_Buyer,N,Character,1p,cpg_demo_0819,26730,cpg_demo_0819
626558140458408093,Baby_Care_Product_Buyer > Y,Baby_Care_Product_Buyer,Y,Character,1p,cpg_demo_0819,26730,cpg_demo_0819
626558140458402416,Kiehls_Purchase_History > N,Kiehls_Purchase_History,N,Character,1p,cpg_demo_0819,26730,cpg_demo_0819
626558140458402417,Kiehls_Purchase_History > Y,Kiehls_Purchase_History,Y,Character,1p,cpg_demo_0819,26730,cpg_demo_0819
626558140458403952,Menopause_Skincare_Interest > N,Menopause_Skincare_Interest,N,Character,1p,cpg_demo_0819,26730,cpg_demo_0819
626558140458403953,Menopause_Skincare_Interest > Y,Menopause_Skincare_Interest,Y,Character,1p,cpg_demo_0819,26730,cpg_demo_0819
626558140458401827,Beauty_Retailer_App_Push_Notification_OptIn > N,Beauty_Retailer_App_Push_Notification_OptIn,N,Character,1p,cpg_demo_0819,26730,cpg_demo_0819
626558140458401828,Beauty_Retailer_App_Push_Notification_OptIn > Y,Beauty_Retailer_App_Push_Notification_OptIn,Y,Character,1p,cpg_demo_0819,26730,cpg_demo_0819
626558140458401853,Kerastase_Purchase_History > N,Kerastase_Purchase_History,N,Character,1p,cpg_demo_0819,26730,cpg_demo_0819
626558140458401854,Kerastase_Purchase_History > Y,Kerastase_Purchase_History,Y,Character,1p,cpg_demo_0819,26730,cpg_demo_0819
626558140458402573,Age > 66,Age,66,Character,1p,cpg_demo_0819,26730,cpg_demo_0819
626558140458402574,Age > 76,Age,76,Character,1p,cpg_demo_0819,26730,cpg_demo_0819
626558140458402575,Age > 58,Age,58,Character,1p,cpg_demo_0819,26730,cpg_demo_0819
626558140458402576,Age > 56,Age,56,Character,1p,cpg_demo_0819,26730,cpg_demo_0819
626558140458402577,Age > 38,Age,38,Character,1p,cpg_demo_0819,26730,cpg_demo_0819
626558140458402578,Age > 51,Age,51,Character,1p,cpg_demo_0819,26730,cpg_demo_0819
626558140458402579,Age > 78,Age,78,Character,1p,cpg_demo_0819,26730,cpg_demo_0819
626558140458402580,Age > 41,Age,41,Character,1p,cpg_demo_0819,26730,cpg_demo_0819
626558140458402581,Age > 21,Age,21,Character,1p,cpg_demo_0819,26730,cpg_demo_0819
626558140458402582,Age > 62,Age,62,Character,1p,cpg_demo_0819,26730,cpg_demo_0819
626558140458402583,Age > 49,Age,49,Character,1p,cpg_demo_0819,26730,cpg_demo_0819
626558140458402584,Age > 45,Age,45,Character,1p,cpg_demo_0819,26730,cpg_demo_0819
626558140458402585,Age > 52,Age,52,Character,1p,cpg_demo_0819,26730,cpg_demo_0819
626558140458402586,Age > 72,Age,72,Character,1p,cpg_demo_0819,26730,cpg_demo_0819
626558140458402587,Age > 37,Age,37,Character,1p,cpg_demo_0819,26730,cpg_demo_0819
626558140458402588,Age > 42,Age,42,Character,1p,cpg_demo_0819,26730,cpg_demo_0819
626558140458402589,Age > 22,Age,22,Character,1p,cpg_demo_0819,26730,cpg_demo_0819
626558140458402590,Age > 33,Age,33,Character,1p,cpg_demo_0819,26730,cpg_demo_0819
626558140458402591,Age > 25,Age,25,Character,1p,cpg_demo_0819,26730,cpg_demo_0819
626558140458402592,Age > 74,Age,74,Character,1p,cpg_demo_0819,26730,cpg_demo_0819
626558140458402593,Age > 73,Age,73,Character,1p,cpg_demo_0819,26730,cpg_demo_0819
626558140458402594,Age > 75,Age,75,Character,1p,cpg_demo_0819,26730,cpg_demo_0819
626558140458402595,Age > 77,Age,77,Character,1p,cpg_demo_0819,26730,cpg_demo_0819
626558140458402596,Age > 79,Age,79,Character,1p,cpg_demo_0819,26730,cpg_demo_0819
626558140458402597,Age > 69,Age,69,Character,1p,cpg_demo_0819,26730,cpg_demo_0819
626558140458402598,Age > 43,Age,43,Character,1p,cpg_demo_0819,26730,cpg_demo_0819
626558140458402599,Age > 60,Age,60,Character,1p,cpg_demo_0819,26730,cpg_demo_0819
626558140458402600,Age > 18,Age,18,Character,1p,cpg_demo_0819,26730,cpg_demo_0819
626558140458402601,Age > 55,Age,55,Character,1p,cpg_demo_0819,26730,cpg_demo_0819
626558140458402602,Age > 29,Age,29,Character,1p,cpg_demo_0819,26730,cpg_demo_0819
626558140458402603,Age > 30,Age,30,Character,1p,cpg_demo_0819,26730,cpg_demo_0819
626558140458402604,Age > 47,Age,47,Character,1p,cpg_demo_0819,26730,cpg_demo_0819
626558140458402605,Age > 32,Age,32,Character,1p,cpg_demo_0819,26730,cpg_demo_0819
626558140458402606,Age > 71,Age,71,Character,1p,cpg_demo_0819,26730,cpg_demo_0819
626558140458402607,Age > 44,Age,44,Character,1p,cpg_demo_0819,26730,cpg_demo_0819
626558140458402608,Age > 46,Age,46,Character,1p,cpg_demo_0819,26730,cpg_demo_0819
626558140458402609,Age > 31,Age,31,Character,1p,cpg_demo_0819,26730,cpg_demo_0819
626558140458402610,Age > 68,Age,68,Character,1p,cpg_demo_0819,26730,cpg_demo_0819
626558140458402611,Age > 80,Age,80,Character,1p,cpg_demo_0819,26730,cpg_demo_0819
626558140458403840,Age > 48,Age,48,Character,1p,cpg_demo_0819,26730,cpg_demo_0819
626558140458403841,Age > 61,Age,61,Character,1p,cpg_demo_0819,26730,cpg_demo_0819
626558140458403842,Age > 19,Age,19,Character,1p,cpg_demo_0819,26730,cpg_demo_0819
626558140458403843,Age > 23,Age,23,Character,1p,cpg_demo_0819,26730,cpg_demo_0819
626558140458403844,Age > 26,Age,26,Character,1p,cpg_demo_0819,26730,cpg_demo_0819
626558140458403845,Age > 39,Age,39,Character,1p,cpg_demo_0819,26730,cpg_demo_0819
626558140458403846,Age > 65,Age,65,Character,1p,cpg_demo_0819,26730,cpg_demo_0819
626558140458403847,Age > 67,Age,67,Character,1p,cpg_demo_0819,26730,cpg_demo_0819
626558140458403848,Age > 24,Age,24,Character,1p,cpg_demo_0819,26730,cpg_demo_0819
626558140458403849,Age > 59,Age,59,Character,1p,cpg_demo_0819,26730,cpg_demo_0819
626558140458403850,Age > 28,Age,28,Character,1p,cpg_demo_0819,26730,cpg_demo_0819
626558140458403851,Age > 35,Age,35,Character,1p,cpg_demo_0819,26730,cpg_demo_0819
626558140458403852,Age > 57,Age,57,Character,1p,cpg_demo_0819,26730,cpg_demo_0819
626558140458403853,Age > 70,Age,70,Character,1p,cpg_demo_0819,26730,cpg_demo_0819
626558140458403854,Age > 36,Age,36,Character,1p,cpg_demo_0819,26730,cpg_demo_0819
626558140458403855,Age > 20,Age,20,Character,1p,cpg_demo_0819,26730,cpg_demo_0819
626558140458403856,Age > 40,Age,40,Character,1p,cpg_demo_0819,26730,cpg_demo_0819
626558140458403857,Age > 27,Age,27,Character,1p,cpg_demo_0819,26730,cpg_demo_0819
626558140458403858,Age > 63,Age,63,Character,1p,cpg_demo_0819,26730,cpg_demo_0819
626558140458403859,Age > 53,Age,53,Character,1p,cpg_demo_0819,26730,cpg_demo_0819
626558140458403860,Age > 54,Age,54,Character,1p,cpg_demo_0819,26730,cpg_demo_0819
626558140458403861,Age > 34,Age,34,Character,1p,cpg_demo_0819,26730,cpg_demo_0819
626558140458403862,Age > 64,Age,64,Character,1p,cpg_demo_0819,26730,cpg_demo_0819
626558140458403863,Age > 50,Age,50,Character,1p,cpg_demo_0819,26730,cpg_demo_0819
626558140458402491,Perfume_Sample_Vial_Buyer > N,Perfume_Sample_Vial_Buyer,N,Character,1p,cpg_demo_0819,26730,cpg_demo_0819
626558140458402492,Perfume_Sample_Vial_Buyer > Y,Perfume_Sample_Vial_Buyer,Y,Character,1p,cpg_demo_0819,26730,cpg_demo_0819
626558140458401906,Skin_Tone_Range > Medium,Skin_Tone_Range,Medium,Character,1p,cpg_demo_0819,26730,cpg_demo_0819
626558140458401907,Skin_Tone_Range > Deep,Skin_Tone_Range,Deep,Character,1p,cpg_demo_0819,26730,cpg_demo_0819
626558140458401908,Skin_Tone_Range > Light,Skin_Tone_Range,Light,Character,1p,cpg_demo_0819,26730,cpg_demo_0819
626558140458401909,Skin_Tone_Range > Tan,Skin_Tone_Range,Tan,Character,1p,cpg_demo_0819,26730,cpg_demo_0819
626558140458401910,Skin_Tone_Range > Fair,Skin_Tone_Range,Fair,Character,1p,cpg_demo_0819,26730,cpg_demo_0819
626558140458408117,Mugler_Purchase_History > N,Mugler_Purchase_History,N,Character,1p,cpg_demo_0819,26730,cpg_demo_0819
626558140458408118,Mugler_Purchase_History > Y,Mugler_Purchase_History,Y,Character,1p,cpg_demo_0819,26730,cpg_demo_0819
626558140458404250,Kerastase_Preference_Score > 3,Kerastase_Preference_Score,3,Character,1p,cpg_demo_0819,26730,cpg_demo_0819
626558140458404251,Kerastase_Preference_Score > 1,Kerastase_Preference_Score,1,Character,1p,cpg_demo_0819,26730,cpg_demo_0819
626558140458404252,Kerastase_Preference_Score > 2,Kerastase_Preference_Score,2,Character,1p,cpg_demo_0819,26730,cpg_demo_0819
626558140458404253,Kerastase_Preference_Score > 5,Kerastase_Preference_Score,5,Character,1p,cpg_demo_0819,26730,cpg_demo_0819
626558140458404254,Kerastase_Preference_Score > 8,Kerastase_Preference_Score,8,Character,1p,cpg_demo_0819,26730,cpg_demo_0819
626558140458404255,Kerastase_Preference_Score > 4,Kerastase_Preference_Score,4,Character,1p,cpg_demo_0819,26730,cpg_demo_0819
626558140458404256,Kerastase_Preference_Score > 9,Kerastase_Preference_Score,9,Character,1p,cpg_demo_0819,26730,cpg_demo_0819
626558140458404257,Kerastase_Preference_Score > 10,Kerastase_Preference_Score,10,Character,1p,cpg_demo_0819,26730,cpg_demo_0819
626558140458404258,Kerastase_Preference_Score > 6,Kerastase_Preference_Score,6,Character,1p,cpg_demo_0819,26730,cpg_demo_0819
626558140458404259,Kerastase_Preference_Score > 7,Kerastase_Preference_Score,7,Character,1p,cpg_demo_0819,26730,cpg_demo_0819
626558140458402563,LOreal_Professionnel_Preference_Score > 3,LOreal_Professionnel_Preference_Score,3,Character,1p,cpg_demo_0819,26730,cpg_demo_0819
626558140458402564,LOreal_Professionnel_Preference_Score > 1,LOreal_Professionnel_Preference_Score,1,Character,1p,cpg_demo_0819,26730,cpg_demo_0819
626558140458402565,LOreal_Professionnel_Preference_Score > 2,LOreal_Professionnel_Preference_Score,2,Character,1p,cpg_demo_0819,26730,cpg_demo_0819
626558140458402566,LOreal_Professionnel_Preference_Score > 5,LOreal_Professionnel_Preference_Score,5,Character,1p,cpg_demo_0819,26730,cpg_demo_0819
626558140458402567,LOreal_Professionnel_Preference_Score > 8,LOreal_Professionnel_Preference_Score,8,Character,1p,cpg_demo_0819,26730,cpg_demo_0819
626558140458402568,LOreal_Professionnel_Preference_Score > 4,LOreal_Professionnel_Preference_Score,4,Character,1p,cpg_demo_0819,26730,cpg_demo_0819
626558140458402569,LOreal_Professionnel_Preference_Score > 9,LOreal_Professionnel_Preference_Score,9,Character,1p,cpg_demo_0819,26730,cpg_demo_0819
626558140458402570,LOreal_Professionnel_Preference_Score > 10,LOreal_Professionnel_Preference_Score,10,Character,1p,cpg_demo_0819,26730,cpg_demo_0819
626558140458402571,LOreal_Professionnel_Preference_Score > 6,LOreal_Professionnel_Preference_Score,6,Character,1p,cpg_demo_0819,26730,cpg_demo_0819
626558140458402572,LOreal_Professionnel_Preference_Score > 7,LOreal_Professionnel_Preference_Score,7,Character,1p,cpg_demo_0819,26730,cpg_demo_0819
626558140458406359,Biotherm_Purchase_History > N,Biotherm_Purchase_History,N,Character,1p,cpg_demo_0819,26730,cpg_demo_0819
626558140458406360,Biotherm_Purchase_History > Y,Biotherm_Purchase_History,Y,Character,1p,cpg_demo_0819,26730,cpg_demo_0819
626558140458401796,YSL_Beauty_Preference_Score > 3,YSL_Beauty_Preference_Score,3,Character,1p,cpg_demo_0819,26730,cpg_demo_0819
626558140458401797,YSL_Beauty_Preference_Score > 1,YSL_Beauty_Preference_Score,1,Character,1p,cpg_demo_0819,26730,cpg_demo_0819
626558140458401798,YSL_Beauty_Preference_Score > 2,YSL_Beauty_Preference_Score,2,Character,1p,cpg_demo_0819,26730,cpg_demo_0819
626558140458401799,YSL_Beauty_Preference_Score > 5,YSL_Beauty_Preference_Score,5,Character,1p,cpg_demo_0819,26730,cpg_demo_0819
626558140458401800,YSL_Beauty_Preference_Score > 8,YSL_Beauty_Preference_Score,8,Character,1p,cpg_demo_0819,26730,cpg_demo_0819
626558140458401801,YSL_Beauty_Preference_Score > 4,YSL_Beauty_Preference_Score,4,Character,1p,cpg_demo_0819,26730,cpg_demo_0819
626558140458401802,YSL_Beauty_Preference_Score > 9,YSL_Beauty_Preference_Score,9,Character,1p,cpg_demo_0819,26730,cpg_demo_0819
626558140458401803,YSL_Beauty_Preference_Score > 10,YSL_Beauty_Preference_Score,10,Character,1p,cpg_demo_0819,26730,cpg_demo_0819
626558140458401804,YSL_Beauty_Preference_Score > 6,YSL_Beauty_Preference_Score,6,Character,1p,cpg_demo_0819,26730,cpg_demo_0819
626558140458401805,YSL_Beauty_Preference_Score > 7,YSL_Beauty_Preference_Score,7,Character,1p,cpg_demo_0819,26730,cpg_demo_0819
626558140458402395,Loyalty_Points_Redeemer > N,Loyalty_Points_Redeemer,N,Character,1p,cpg_demo_0819,26730,cpg_demo_0819
626558140458402396,Loyalty_Points_Redeemer > Y,Loyalty_Points_Redeemer,Y,Character,1p,cpg_demo_0819,26730,cpg_demo_0819
626558140458402472,Environmental_Consciousness_Score > 3,Environmental_Consciousness_Score,3,Character,1p,cpg_demo_0819,26730,cpg_demo_0819
626558140458402473,Environmental_Consciousness_Score > 1,Environmental_Consciousness_Score,1,Character,1p,cpg_demo_0819,26730,cpg_demo_0819
626558140458402474,Environmental_Consciousness_Score > 2,Environmental_Consciousness_Score,2,Character,1p,cpg_demo_0819,26730,cpg_demo_0819
626558140458402475,Environmental_Consciousness_Score > 5,Environmental_Consciousness_Score,5,Character,1p,cpg_demo_0819,26730,cpg_demo_0819
626558140458402476,Environmental_Consciousness_Score > 8,Environmental_Consciousness_Score,8,Character,1p,cpg_demo_0819,26730,cpg_demo_0819
626558140458402477,Environmental_Consciousness_Score > 4,Environmental_Consciousness_Score,4,Character,1p,cpg_demo_0819,26730,cpg_demo_0819
626558140458402478,Environmental_Consciousness_Score > 9,Environmental_Consciousness_Score,9,Character,1p,cpg_demo_0819,26730,cpg_demo_0819
626558140458402479,Environmental_Consciousness_Score > 10,Environmental_Consciousness_Score,10,Character,1p,cpg_demo_0819,26730,cpg_demo_0819
626558140458402480,Environmental_Consciousness_Score > 7,Environmental_Consciousness_Score,7,Character,1p,cpg_demo_0819,26730,cpg_demo_0819
626558140458402481,Environmental_Consciousness_Score > 6,Environmental_Consciousness_Score,6,Character,1p,cpg_demo_0819,26730,cpg_demo_0819
626558140458406124,Livestream_Shopping_Beauty_Buyer > N,Livestream_Shopping_Beauty_Buyer,N,Character,1p,cpg_demo_0819,26730,cpg_demo_0819
626558140458406125,Livestream_Shopping_Beauty_Buyer > Y,Livestream_Shopping_Beauty_Buyer,Y,Character,1p,cpg_demo_0819,26730,cpg_demo_0819
626558140458402486,Beauty_Product_Purchase_Frequency > BiWeekly,Beauty_Product_Purchase_Frequency,BiWeekly,Character,1p,cpg_demo_0819,26730,cpg_demo_0819
626558140458402487,Beauty_Product_Purchase_Frequency > Monthly,Beauty_Product_Purchase_Frequency,Monthly,Character,1p,cpg_demo_0819,26730,cpg_demo_0819
626558140458402488,Beauty_Product_Purchase_Frequency > Rarely,Beauty_Product_Purchase_Frequency,Rarely,Character,1p,cpg_demo_0819,26730,cpg_demo_0819
626558140458402489,Beauty_Product_Purchase_Frequency > Quarterly,Beauty_Product_Purchase_Frequency,Quarterly,Character,1p,cpg_demo_0819,26730,cpg_demo_0819
626558140458402490,Beauty_Product_Purchase_Frequency > Weekly,Beauty_Product_Purchase_Frequency,Weekly,Character,1p,cpg_demo_0819,26730,cpg_demo_0819
626558140458402497,Fragrance_Free_Product_Preference > N,Fragrance_Free_Product_Preference,N,Character,1p,cpg_demo_0819,26730,cpg_demo_0819
626558140458402498,Fragrance_Free_Product_Preference > Y,Fragrance_Free_Product_Preference,Y,Character,1p,cpg_demo_0819,26730,cpg_demo_0819
626558140458399974,Redken_Purchase_History > N,Redken_Purchase_History,N,Character,1p,cpg_demo_0819,26730,cpg_demo_0819
626558140458399975,Redken_Purchase_History > Y,Redken_Purchase_History,Y,Character,1p,cpg_demo_0819,26730,cpg_demo_0819
626558140458402003,New_Product_Early_Adopter_Score > 3,New_Product_Early_Adopter_Score,3,Character,1p,cpg_demo_0819,26730,cpg_demo_0819
626558140458402004,New_Product_Early_Adopter_Score > 1,New_Product_Early_Adopter_Score,1,Character,1p,cpg_demo_0819,26730,cpg_demo_0819
626558140458402005,New_Product_Early_Adopter_Score > 2,New_Product_Early_Adopter_Score,2,Character,1p,cpg_demo_0819,26730,cpg_demo_0819
626558140458402006,New_Product_Early_Adopter_Score > 5,New_Product_Early_Adopter_Score,5,Character,1p,cpg_demo_0819,26730,cpg_demo_0819
626558140458402007,New_Product_Early_Adopter_Score > 8,New_Product_Early_Adopter_Score,8,Character,1p,cpg_demo_0819,26730,cpg_demo_0819
626558140458402008,New_Product_Early_Adopter_Score > 4,New_Product_Early_Adopter_Score,4,Character,1p,cpg_demo_0819,26730,cpg_demo_0819
626558140458402009,New_Product_Early_Adopter_Score > 9,New_Product_Early_Adopter_Score,9,Character,1p,cpg_demo_0819,26730,cpg_demo_0819
626558140458402010,New_Product_Early_Adopter_Score > 7,New_Product_Early_Adopter_Score,7,Character,1p,cpg_demo_0819,26730,cpg_demo_0819
626558140458402011,New_Product_Early_Adopter_Score > 10,New_Product_Early_Adopter_Score,10,Character,1p,cpg_demo_0819,26730,cpg_demo_0819
626558140458402012,New_Product_Early_Adopter_Score > 6,New_Product_Early_Adopter_Score,6,Character,1p,cpg_demo_0819,26730,cpg_demo_0819
626558140458407947,Multi_Brand_Household > N,Multi_Brand_Household,N,Character,1p,cpg_demo_0819,26730,cpg_demo_0819
626558140458407948,Multi_Brand_Household > Y,Multi_Brand_Household,Y,Character,1p,cpg_demo_0819,26730,cpg_demo_0819
626558140458404024,Garnier_Preference_Score > 3,Garnier_Preference_Score,3,Character,1p,cpg_demo_0819,26730,cpg_demo_0819
626558140458404025,Garnier_Preference_Score > 1,Garnier_Preference_Score,1,Character,1p,cpg_demo_0819,26730,cpg_demo_0819
626558140458404026,Garnier_Preference_Score > 2,Garnier_Preference_Score,2,Character,1p,cpg_demo_0819,26730,cpg_demo_0819
626558140458404027,Garnier_Preference_Score > 5,Garnier_Preference_Score,5,Character,1p,cpg_demo_0819,26730,cpg_demo_0819
626558140458404028,Garnier_Preference_Score > 8,Garnier_Preference_Score,8,Character,1p,cpg_demo_0819,26730,cpg_demo_0819
626558140458404029,Garnier_Preference_Score > 4,Garnier_Preference_Score,4,Character,1p,cpg_demo_0819,26730,cpg_demo_0819
626558140458404030,Garnier_Preference_Score > 9,Garnier_Preference_Score,9,Character,1p,cpg_demo_0819,26730,cpg_demo_0819
626558140458404031,Garnier_Preference_Score > 7,Garnier_Preference_Score,7,Character,1p,cpg_demo_0819,26730,cpg_demo_0819
626558140458404032,Garnier_Preference_Score > 6,Garnier_Preference_Score,6,Character,1p,cpg_demo_0819,26730,cpg_demo_0819
626558140458404033,Garnier_Preference_Score > 10,Garnier_Preference_Score,10,Character,1p,cpg_demo_0819,26730,cpg_demo_0819
626558140458401794,Duty_Beauty_Travel_Retail_Shopper > N,Duty_Beauty_Travel_Retail_Shopper,N,Character,1p,cpg_demo_0819,26730,cpg_demo_0819
626558140458401795,Duty_Beauty_Travel_Retail_Shopper > Y,Duty_Beauty_Travel_Retail_Shopper,Y,Character,1p,cpg_demo_0819,26730,cpg_demo_0819
626558140458401940,Commute_Method > WorkFromHome,Commute_Method,WorkFromHome,Character,1p,cpg_demo_0819,26730,cpg_demo_0819
626558140458401941,Commute_Method > PublicTransit,Commute_Method,PublicTransit,Character,1p,cpg_demo_0819,26730,cpg_demo_0819
626558140458401942,Commute_Method > Bike,Commute_Method,Bike,Character,1p,cpg_demo_0819,26730,cpg_demo_0819
626558140458401943,Commute_Method > Walk,Commute_Method,Walk,Character,1p,cpg_demo_0819,26730,cpg_demo_0819
626558140458401944,Commute_Method > Car,Commute_Method,Car,Character,1p,cpg_demo_0819,26730,cpg_demo_0819
626558140458406343,Mixa_Purchase_History > N,Mixa_Purchase_History,N,Character,1p,cpg_demo_0819,26730,cpg_demo_0819
626558140458406344,Mixa_Purchase_History > Y,Mixa_Purchase_History,Y,Character,1p,cpg_demo_0819,26730,cpg_demo_0819
626558140458403969,NYX_Professional_Preference_Score > 3,NYX_Professional_Preference_Score,3,Character,1p,cpg_demo_0819,26730,cpg_demo_0819
626558140458403970,NYX_Professional_Preference_Score > 1,NYX_Professional_Preference_Score,1,Character,1p,cpg_demo_0819,26730,cpg_demo_0819
626558140458403971,NYX_Professional_Preference_Score > 2,NYX_Professional_Preference_Score,2,Character,1p,cpg_demo_0819,26730,cpg_demo_0819
626558140458403972,NYX_Professional_Preference_Score > 5,NYX_Professional_Preference_Score,5,Character,1p,cpg_demo_0819,26730,cpg_demo_0819
626558140458403973,NYX_Professional_Preference_Score > 8,NYX_Professional_Preference_Score,8,Character,1p,cpg_demo_0819,26730,cpg_demo_0819
626558140458403974,NYX_Professional_Preference_Score > 4,NYX_Professional_Preference_Score,4,Character,1p,cpg_demo_0819,26730,cpg_demo_0819
626558140458403975,NYX_Professional_Preference_Score > 9,NYX_Professional_Preference_Score,9,Character,1p,cpg_demo_0819,26730,cpg_demo_0819
626558140458403976,NYX_Professional_Preference_Score > 7,NYX_Professional_Preference_Score,7,Character,1p,cpg_demo_0819,26730,cpg_demo_0819
626558140458403977,NYX_Professional_Preference_Score > 6,NYX_Professional_Preference_Score,6,Character,1p,cpg_demo_0819,26730,cpg_demo_0819
626558140458403978,NYX_Professional_Preference_Score > 10,NYX_Professional_Preference_Score,10,Character,1p,cpg_demo_0819,26730,cpg_demo_0819
626558140458401890,Oral_Care_Beauty_Adjacent_Buyer > N,Oral_Care_Beauty_Adjacent_Buyer,N,Character,1p,cpg_demo_0819,26730,cpg_demo_0819
626558140458401891,Oral_Care_Beauty_Adjacent_Buyer > Y,Oral_Care_Beauty_Adjacent_Buyer,Y,Character,1p,cpg_demo_0819,26730,cpg_demo_0819
626558140458408109,Collagen_Supplement_User > N,Collagen_Supplement_User,N,Character,1p,cpg_demo_0819,26730,cpg_demo_0819
626558140458408110,Collagen_Supplement_User > Y,Collagen_Supplement_User,Y,Character,1p,cpg_demo_0819,26730,cpg_demo_0819
626558140458403995,Pureology_Preference_Score > 3,Pureology_Preference_Score,3,Character,1p,cpg_demo_0819,26730,cpg_demo_0819
626558140458403996,Pureology_Preference_Score > 1,Pureology_Preference_Score,1,Character,1p,cpg_demo_0819,26730,cpg_demo_0819
626558140458403997,Pureology_Preference_Score > 2,Pureology_Preference_Score,2,Character,1p,cpg_demo_0819,26730,cpg_demo_0819
626558140458403998,Pureology_Preference_Score > 5,Pureology_Preference_Score,5,Character,1p,cpg_demo_0819,26730,cpg_demo_0819
626558140458403999,Pureology_Preference_Score > 8,Pureology_Preference_Score,8,Character,1p,cpg_demo_0819,26730,cpg_demo_0819
626558140458404000,Pureology_Preference_Score > 4,Pureology_Preference_Score,4,Character,1p,cpg_demo_0819,26730,cpg_demo_0819
626558140458404001,Pureology_Preference_Score > 9,Pureology_Preference_Score,9,Character,1p,cpg_demo_0819,26730,cpg_demo_0819
626558140458404002,Pureology_Preference_Score > 10,Pureology_Preference_Score,10,Character,1p,cpg_demo_0819,26730,cpg_demo_0819
626558140458404003,Pureology_Preference_Score > 7,Pureology_Preference_Score,7,Character,1p,cpg_demo_0819,26730,cpg_demo_0819
626558140458404004,Pureology_Preference_Score > 6,Pureology_Preference_Score,6,Character,1p,cpg_demo_0819,26730,cpg_demo_0819
626558140458406287,NYX_Professional_Purchase_History > N,NYX_Professional_Purchase_History,N,Character,1p,cpg_demo_0819,26730,cpg_demo_0819
626558140458406288,NYX_Professional_Purchase_History > Y,NYX_Professional_Purchase_History,Y,Character,1p,cpg_demo_0819,26730,cpg_demo_0819
626558140458401955,Ralph_Lauren_Fragrance_Preference_Score > 3,Ralph_Lauren_Fragrance_Preference_Score,3,Character,1p,cpg_demo_0819,26730,cpg_demo_0819
626558140458401956,Ralph_Lauren_Fragrance_Preference_Score > 1,Ralph_Lauren_Fragrance_Preference_Score,1,Character,1p,cpg_demo_0819,26730,cpg_demo_0819
626558140458401957,Ralph_Lauren_Fragrance_Preference_Score > 2,Ralph_Lauren_Fragrance_Preference_Score,2,Character,1p,cpg_demo_0819,26730,cpg_demo_0819
626558140458401958,Ralph_Lauren_Fragrance_Preference_Score > 5,Ralph_Lauren_Fragrance_Preference_Score,5,Character,1p,cpg_demo_0819,26730,cpg_demo_0819
626558140458401959,Ralph_Lauren_Fragrance_Preference_Score > 8,Ralph_Lauren_Fragrance_Preference_Score,8,Character,1p,cpg_demo_0819,26730,cpg_demo_0819
626558140458401960,Ralph_Lauren_Fragrance_Preference_Score > 4,Ralph_Lauren_Fragrance_Preference_Score,4,Character,1p,cpg_demo_0819,26730,cpg_demo_0819
626558140458401961,Ralph_Lauren_Fragrance_Preference_Score > 9,Ralph_Lauren_Fragrance_Preference_Score,9,Character,1p,cpg_demo_0819,26730,cpg_demo_0819
626558140458401962,Ralph_Lauren_Fragrance_Preference_Score > 7,Ralph_Lauren_Fragrance_Preference_Score,7,Character,1p,cpg_demo_0819,26730,cpg_demo_0819
626558140458401963,Ralph_Lauren_Fragrance_Preference_Score > 6,Ralph_Lauren_Fragrance_Preference_Score,6,Character,1p,cpg_demo_0819,26730,cpg_demo_0819
626558140458401964,Ralph_Lauren_Fragrance_Preference_Score > 10,Ralph_Lauren_Fragrance_Preference_Score,10,Character,1p,cpg_demo_0819,26730,cpg_demo_0819
626558140458407974,Cross_Device_Shopper > N,Cross_Device_Shopper,N,Character,1p,cpg_demo_0819,26730,cpg_demo_0819
626558140458407975,Cross_Device_Shopper > Y,Cross_Device_Shopper,Y,Character,1p,cpg_demo_0819,26730,cpg_demo_0819
626558140458406231,Post_Partum_Skincare_Interest > N,Post_Partum_Skincare_Interest,N,Character,1p,cpg_demo_0819,26730,cpg_demo_0819
626558140458406232,Post_Partum_Skincare_Interest > Y,Post_Partum_Skincare_Interest,Y,Character,1p,cpg_demo_0819,26730,cpg_demo_0819
626558140458401821,Waxing_Hair_Removal_Service_User > N,Waxing_Hair_Removal_Service_User,N,Character,1p,cpg_demo_0819,26730,cpg_demo_0819
626558140458401822,Waxing_Hair_Removal_Service_User > Y,Waxing_Hair_Removal_Service_User,Y,Character,1p,cpg_demo_0819,26730,cpg_demo_0819
626558140458401949,Beauty_Advent_Calendar_Buyer > N,Beauty_Advent_Calendar_Buyer,N,Character,1p,cpg_demo_0819,26730,cpg_demo_0819
626558140458401950,Beauty_Advent_Calendar_Buyer > Y,Beauty_Advent_Calendar_Buyer,Y,Character,1p,cpg_demo_0819,26730,cpg_demo_0819
626558140458404223,Mass_Market_Retailer_Shopper > N,Mass_Market_Retailer_Shopper,N,Character,1p,cpg_demo_0819,26730,cpg_demo_0819
626558140458404224,Mass_Market_Retailer_Shopper > Y,Mass_Market_Retailer_Shopper,Y,Character,1p,cpg_demo_0819,26730,cpg_demo_0819
626558140458402523,Refill_Program_Participation > N,Refill_Program_Participation,N,Character,1p,cpg_demo_0819,26730,cpg_demo_0819
626558140458402524,Refill_Program_Participation > Y,Refill_Program_Participation,Y,Character,1p,cpg_demo_0819,26730,cpg_demo_0819
626558140458407972,Microcurrent_Device_Owner > N,Microcurrent_Device_Owner,N,Character,1p,cpg_demo_0819,26730,cpg_demo_0819
626558140458407973,Microcurrent_Device_Owner > Y,Microcurrent_Device_Owner,Y,Character,1p,cpg_demo_0819,26730,cpg_demo_0819
626558140458402515,Eye_Makeup_Purchase_Frequency > Monthly,Eye_Makeup_Purchase_Frequency,Monthly,Character,1p,cpg_demo_0819,26730,cpg_demo_0819
626558140458402516,Eye_Makeup_Purchase_Frequency > Rarely,Eye_Makeup_Purchase_Frequency,Rarely,Character,1p,cpg_demo_0819,26730,cpg_demo_0819
626558140458402517,Eye_Makeup_Purchase_Frequency > Quarterly,Eye_Makeup_Purchase_Frequency,Quarterly,Character,1p,cpg_demo_0819,26730,cpg_demo_0819
626558140458402518,Eye_Makeup_Purchase_Frequency > Weekly,Eye_Makeup_Purchase_Frequency,Weekly,Character,1p,cpg_demo_0819,26730,cpg_demo_0819
626558140458404188,Roger_Gallet_Purchase_History > N,Roger_Gallet_Purchase_History,N,Character,1p,cpg_demo_0819,26730,cpg_demo_0819
626558140458404189,Roger_Gallet_Purchase_History > Y,Roger_Gallet_Purchase_History,Y,Character,1p,cpg_demo_0819,26730,cpg_demo_0819
626558140458404237,Wellness_Beauty_Category_Purchase_Frequency > Monthly,Wellness_Beauty_Category_Purchase_Frequency,Monthly,Character,1p,cpg_demo_0819,26730,cpg_demo_0819
626558140458404238,Wellness_Beauty_Category_Purchase_Frequency > Rarely,Wellness_Beauty_Category_Purchase_Frequency,Rarely,Character,1p,cpg_demo_0819,26730,cpg_demo_0819
626558140458404239,Wellness_Beauty_Category_Purchase_Frequency > Never,Wellness_Beauty_Category_Purchase_Frequency,Never,Character,1p,cpg_demo_0819,26730,cpg_demo_0819
626558140458404240,Wellness_Beauty_Category_Purchase_Frequency > Quarterly,Wellness_Beauty_Category_Purchase_Frequency,Quarterly,Character,1p,cpg_demo_0819,26730,cpg_demo_0819
626558140458404241,Wellness_Beauty_Category_Purchase_Frequency > Weekly,Wellness_Beauty_Category_Purchase_Frequency,Weekly,Character,1p,cpg_demo_0819,26730,cpg_demo_0819
626558140458401812,Customer_Satisfaction_Score > 3,Customer_Satisfaction_Score,3,Character,1p,cpg_demo_0819,26730,cpg_demo_0819
626558140458401813,Customer_Satisfaction_Score > 1,Customer_Satisfaction_Score,1,Character,1p,cpg_demo_0819,26730,cpg_demo_0819
626558140458401814,Customer_Satisfaction_Score > 2,Customer_Satisfaction_Score,2,Character,1p,cpg_demo_0819,26730,cpg_demo_0819
626558140458401815,Customer_Satisfaction_Score > 5,Customer_Satisfaction_Score,5,Character,1p,cpg_demo_0819,26730,cpg_demo_0819
626558140458401816,Customer_Satisfaction_Score > 4,Customer_Satisfaction_Score,4,Character,1p,cpg_demo_0819,26730,cpg_demo_0819
626558140458401934,Beauty_Product_Ingredient_Allergy_Flag > N,Beauty_Product_Ingredient_Allergy_Flag,N,Character,1p,cpg_demo_0819,26730,cpg_demo_0819
626558140458401935,Beauty_Product_Ingredient_Allergy_Flag > Y,Beauty_Product_Ingredient_Allergy_Flag,Y,Character,1p,cpg_demo_0819,26730,cpg_demo_0819
626558140458405993,In_Store_Beauty_Consultation_User > N,In_Store_Beauty_Consultation_User,N,Character,1p,cpg_demo_0819,26730,cpg_demo_0819
626558140458405994,In_Store_Beauty_Consultation_User > Y,In_Store_Beauty_Consultation_User,Y,Character,1p,cpg_demo_0819,26730,cpg_demo_0819
626558140458404059,Tanning_Product_User > N,Tanning_Product_User,N,Character,1p,cpg_demo_0819,26730,cpg_demo_0819
626558140458404060,Tanning_Product_User > Y,Tanning_Product_User,Y,Character,1p,cpg_demo_0819,26730,cpg_demo_0819
626558140458406347,Prada_Beauty_Preference_Score > 3,Prada_Beauty_Preference_Score,3,Character,1p,cpg_demo_0819,26730,cpg_demo_0819
626558140458406348,Prada_Beauty_Preference_Score > 1,Prada_Beauty_Preference_Score,1,Character,1p,cpg_demo_0819,26730,cpg_demo_0819
626558140458406349,Prada_Beauty_Preference_Score > 2,Prada_Beauty_Preference_Score,2,Character,1p,cpg_demo_0819,26730,cpg_demo_0819
626558140458406350,Prada_Beauty_Preference_Score > 5,Prada_Beauty_Preference_Score,5,Character,1p,cpg_demo_0819,26730,cpg_demo_0819
626558140458406351,Prada_Beauty_Preference_Score > 8,Prada_Beauty_Preference_Score,8,Character,1p,cpg_demo_0819,26730,cpg_demo_0819
626558140458406352,Prada_Beauty_Preference_Score > 4,Prada_Beauty_Preference_Score,4,Character,1p,cpg_demo_0819,26730,cpg_demo_0819
626558140458406353,Prada_Beauty_Preference_Score > 9,Prada_Beauty_Preference_Score,9,Character,1p,cpg_demo_0819,26730,cpg_demo_0819
626558140458406354,Prada_Beauty_Preference_Score > 10,Prada_Beauty_Preference_Score,10,Character,1p,cpg_demo_0819,26730,cpg_demo_0819
626558140458406355,Prada_Beauty_Preference_Score > 6,Prada_Beauty_Preference_Score,6,Character,1p,cpg_demo_0819,26730,cpg_demo_0819
626558140458406356,Prada_Beauty_Preference_Score > 7,Prada_Beauty_Preference_Score,7,Character,1p,cpg_demo_0819,26730,cpg_demo_0819
626558140458406083,IT_Cosmetics_Preference_Score > 3,IT_Cosmetics_Preference_Score,3,Character,1p,cpg_demo_0819,26730,cpg_demo_0819
626558140458406084,IT_Cosmetics_Preference_Score > 1,IT_Cosmetics_Preference_Score,1,Character,1p,cpg_demo_0819,26730,cpg_demo_0819
626558140458406085,IT_Cosmetics_Preference_Score > 2,IT_Cosmetics_Preference_Score,2,Character,1p,cpg_demo_0819,26730,cpg_demo_0819
626558140458406086,IT_Cosmetics_Preference_Score > 5,IT_Cosmetics_Preference_Score,5,Character,1p,cpg_demo_0819,26730,cpg_demo_0819
626558140458406087,IT_Cosmetics_Preference_Score > 8,IT_Cosmetics_Preference_Score,8,Character,1p,cpg_demo_0819,26730,cpg_demo_0819
626558140458406088,IT_Cosmetics_Preference_Score > 4,IT_Cosmetics_Preference_Score,4,Character,1p,cpg_demo_0819,26730,cpg_demo_0819
626558140458406089,IT_Cosmetics_Preference_Score > 9,IT_Cosmetics_Preference_Score,9,Character,1p,cpg_demo_0819,26730,cpg_demo_0819
626558140458406090,IT_Cosmetics_Preference_Score > 10,IT_Cosmetics_Preference_Score,10,Character,1p,cpg_demo_0819,26730,cpg_demo_0819
626558140458406091,IT_Cosmetics_Preference_Score > 6,IT_Cosmetics_Preference_Score,6,Character,1p,cpg_demo_0819,26730,cpg_demo_0819
626558140458406092,IT_Cosmetics_Preference_Score > 7,IT_Cosmetics_Preference_Score,7,Character,1p,cpg_demo_0819,26730,cpg_demo_0819
626558140458402465,Home_Fragrance_Purchase_Frequency > Monthly,Home_Fragrance_Purchase_Frequency,Monthly,Character,1p,cpg_demo_0819,26730,cpg_demo_0819
626558140458402466,Home_Fragrance_Purchase_Frequency > Rarely,Home_Fragrance_Purchase_Frequency,Rarely,Character,1p,cpg_demo_0819,26730,cpg_demo_0819
626558140458402467,Home_Fragrance_Purchase_Frequency > Never,Home_Fragrance_Purchase_Frequency,Never,Character,1p,cpg_demo_0819,26730,cpg_demo_0819
626558140458402468,Home_Fragrance_Purchase_Frequency > Quarterly,Home_Fragrance_Purchase_Frequency,Quarterly,Character,1p,cpg_demo_0819,26730,cpg_demo_0819
626558140458402469,Home_Fragrance_Purchase_Frequency > Weekly,Home_Fragrance_Purchase_Frequency,Weekly,Character,1p,cpg_demo_0819,26730,cpg_demo_0819
626558140458402521,Dermocosmetics_Buyer > N,Dermocosmetics_Buyer,N,Character,1p,cpg_demo_0819,26730,cpg_demo_0819
626558140458402522,Dermocosmetics_Buyer > Y,Dermocosmetics_Buyer,Y,Character,1p,cpg_demo_0819,26730,cpg_demo_0819
626558140458403964,Men_Grooming_Category_Purchase_Frequency > Monthly,Men_Grooming_Category_Purchase_Frequency,Monthly,Character,1p,cpg_demo_0819,26730,cpg_demo_0819
626558140458403965,Men_Grooming_Category_Purchase_Frequency > Rarely,Men_Grooming_Category_Purchase_Frequency,Rarely,Character,1p,cpg_demo_0819,26730,cpg_demo_0819
626558140458403966,Men_Grooming_Category_Purchase_Frequency > Never,Men_Grooming_Category_Purchase_Frequency,Never,Character,1p,cpg_demo_0819,26730,cpg_demo_0819
626558140458403967,Men_Grooming_Category_Purchase_Frequency > Quarterly,Men_Grooming_Category_Purchase_Frequency,Quarterly,Character,1p,cpg_demo_0819,26730,cpg_demo_0819
626558140458403968,Men_Grooming_Category_Purchase_Frequency > Weekly,Men_Grooming_Category_Purchase_Frequency,Weekly,Character,1p,cpg_demo_0819,26730,cpg_demo_0819
626558140458406093,Niacinamide_Product_User > N,Niacinamide_Product_User,N,Character,1p,cpg_demo_0819,26730,cpg_demo_0819
626558140458406094,Niacinamide_Product_User > Y,Niacinamide_Product_User,Y,Character,1p,cpg_demo_0819,26730,cpg_demo_0819
626558140458406339,Skin_Diagnostic_Quiz_Completion > N,Skin_Diagnostic_Quiz_Completion,N,Character,1p,cpg_demo_0819,26730,cpg_demo_0819
626558140458406340,Skin_Diagnostic_Quiz_Completion > Y,Skin_Diagnostic_Quiz_Completion,Y,Character,1p,cpg_demo_0819,26730,cpg_demo_0819
626558140458407957,Smoker_Status > Former,Smoker_Status,Former,Character,1p,cpg_demo_0819,26730,cpg_demo_0819
626558140458407958,Smoker_Status > Never,Smoker_Status,Never,Character,1p,cpg_demo_0819,26730,cpg_demo_0819
626558140458407959,Smoker_Status > Current,Smoker_Status,Current,Character,1p,cpg_demo_0819,26730,cpg_demo_0819
626558140458408111,Dietary_Preference > Keto,Dietary_Preference,Keto,Character,1p,cpg_demo_0819,26730,cpg_demo_0819
626558140458408112,Dietary_Preference > Pescatarian,Dietary_Preference,Pescatarian,Character,1p,cpg_demo_0819,26730,cpg_demo_0819
626558140458408113,Dietary_Preference > Other,Dietary_Preference,Other,Character,1p,cpg_demo_0819,26730,cpg_demo_0819
626558140458408114,Dietary_Preference > Vegetarian,Dietary_Preference,Vegetarian,Character,1p,cpg_demo_0819,26730,cpg_demo_0819
626558140458408115,Dietary_Preference > Omnivore,Dietary_Preference,Omnivore,Character,1p,cpg_demo_0819,26730,cpg_demo_0819
626558140458408116,Dietary_Preference > Vegan,Dietary_Preference,Vegan,Character,1p,cpg_demo_0819,26730,cpg_demo_0819
626558140458403930,Mixa_Preference_Score > 3,Mixa_Preference_Score,3,Character,1p,cpg_demo_0819,26730,cpg_demo_0819
626558140458403931,Mixa_Preference_Score > 1,Mixa_Preference_Score,1,Character,1p,cpg_demo_0819,26730,cpg_demo_0819
626558140458403932,Mixa_Preference_Score > 2,Mixa_Preference_Score,2,Character,1p,cpg_demo_0819,26730,cpg_demo_0819
626558140458403933,Mixa_Preference_Score > 5,Mixa_Preference_Score,5,Character,1p,cpg_demo_0819,26730,cpg_demo_0819
626558140458403934,Mixa_Preference_Score > 8,Mixa_Preference_Score,8,Character,1p,cpg_demo_0819,26730,cpg_demo_0819
626558140458403935,Mixa_Preference_Score > 4,Mixa_Preference_Score,4,Character,1p,cpg_demo_0819,26730,cpg_demo_0819
626558140458403936,Mixa_Preference_Score > 9,Mixa_Preference_Score,9,Character,1p,cpg_demo_0819,26730,cpg_demo_0819
626558140458403937,Mixa_Preference_Score > 7,Mixa_Preference_Score,7,Character,1p,cpg_demo_0819,26730,cpg_demo_0819
626558140458403938,Mixa_Preference_Score > 6,Mixa_Preference_Score,6,Character,1p,cpg_demo_0819,26730,cpg_demo_0819
626558140458403939,Mixa_Preference_Score > 10,Mixa_Preference_Score,10,Character,1p,cpg_demo_0819,26730,cpg_demo_0819
626558140458402499,Urban_Decay_Purchase_History > N,Urban_Decay_Purchase_History,N,Character,1p,cpg_demo_0819,26730,cpg_demo_0819
626558140458402500,Urban_Decay_Purchase_History > Y,Urban_Decay_Purchase_History,Y,Character,1p,cpg_demo_0819,26730,cpg_demo_0819
626558140458399957,Beauty_Retailer_Credit_Card_Holder > N,Beauty_Retailer_Credit_Card_Holder,N,Character,1p,cpg_demo_0819,26730,cpg_demo_0819
626558140458399958,Beauty_Retailer_Credit_Card_Holder > Y,Beauty_Retailer_Credit_Card_Holder,Y,Character,1p,cpg_demo_0819,26730,cpg_demo_0819
626558140458404180,Beauty_Counter_Employee_Interaction_Frequency > Rarely,Beauty_Counter_Employee_Interaction_Frequency,Rarely,Character,1p,cpg_demo_0819,26730,cpg_demo_0819
626558140458404181,Beauty_Counter_Employee_Interaction_Frequency > Never,Beauty_Counter_Employee_Interaction_Frequency,Never,Character,1p,cpg_demo_0819,26730,cpg_demo_0819
626558140458404182,Beauty_Counter_Employee_Interaction_Frequency > Occasionally,Beauty_Counter_Employee_Interaction_Frequency,Occasionally,Character,1p,cpg_demo_0819,26730,cpg_demo_0819
626558140458404183,Beauty_Counter_Employee_Interaction_Frequency > Frequently,Beauty_Counter_Employee_Interaction_Frequency,Frequently,Character,1p,cpg_demo_0819,26730,cpg_demo_0819
626558140458408087,Credit_Score_Band > Poor,Credit_Score_Band,Poor,Character,1p,cpg_demo_0819,26730,cpg_demo_0819
626558140458408088,Credit_Score_Band > Good,Credit_Score_Band,Good,Character,1p,cpg_demo_0819,26730,cpg_demo_0819
626558140458408089,Credit_Score_Band > Excellent,Credit_Score_Band,Excellent,Character,1p,cpg_demo_0819,26730,cpg_demo_0819
626558140458408090,Credit_Score_Band > VeryGood,Credit_Score_Band,VeryGood,Character,1p,cpg_demo_0819,26730,cpg_demo_0819
626558140458408091,Credit_Score_Band > Fair,Credit_Score_Band,Fair,Character,1p,cpg_demo_0819,26730,cpg_demo_0819
626558140458401967,Pureology_Purchase_History > N,Pureology_Purchase_History,N,Character,1p,cpg_demo_0819,26730,cpg_demo_0819
626558140458401968,Pureology_Purchase_History > Y,Pureology_Purchase_History,Y,Character,1p,cpg_demo_0819,26730,cpg_demo_0819
626558140458406126,Multi_Use_Product_Preference > N,Multi_Use_Product_Preference,N,Character,1p,cpg_demo_0819,26730,cpg_demo_0819
626558140458406127,Multi_Use_Product_Preference > Y,Multi_Use_Product_Preference,Y,Character,1p,cpg_demo_0819,26730,cpg_demo_0819
626558140458407949,LOreal_Professionnel_Purchase_History > N,LOreal_Professionnel_Purchase_History,N,Character,1p,cpg_demo_0819,26730,cpg_demo_0819
626558140458407950,LOreal_Professionnel_Purchase_History > Y,LOreal_Professionnel_Purchase_History,Y,Character,1p,cpg_demo_0819,26730,cpg_demo_0819
626558140458406095,Hair_Styling_Tool_Owner > N,Hair_Styling_Tool_Owner,N,Character,1p,cpg_demo_0819,26730,cpg_demo_0819
626558140458406096,Hair_Styling_Tool_Owner > Y,Hair_Styling_Tool_Owner,Y,Character,1p,cpg_demo_0819,26730,cpg_demo_0819
626558140458406341,Wig_Topper_User > N,Wig_Topper_User,N,Character,1p,cpg_demo_0819,26730,cpg_demo_0819
626558140458406342,Wig_Topper_User > Y,Wig_Topper_User,Y,Character,1p,cpg_demo_0819,26730,cpg_demo_0819
626558140458402393,IT_Cosmetics_Purchase_History > N,IT_Cosmetics_Purchase_History,N,Character,1p,cpg_demo_0819,26730,cpg_demo_0819
626558140458402394,IT_Cosmetics_Purchase_History > Y,IT_Cosmetics_Purchase_History,Y,Character,1p,cpg_demo_0819,26730,cpg_demo_0819
626558140458404264,Free_Sample_Redemption_Rate > 0.61,Free_Sample_Redemption_Rate,0.61,Character,1p,cpg_demo_0819,26730,cpg_demo_0819
626558140458404265,Free_Sample_Redemption_Rate > 0.59,Free_Sample_Redemption_Rate,0.59,Character,1p,cpg_demo_0819,26730,cpg_demo_0819
626558140458404266,Free_Sample_Redemption_Rate > 0.95,Free_Sample_Redemption_Rate,0.95,Character,1p,cpg_demo_0819,26730,cpg_demo_0819
626558140458404267,Free_Sample_Redemption_Rate > 0.45,Free_Sample_Redemption_Rate,0.45,Character,1p,cpg_demo_0819,26730,cpg_demo_0819
626558140458404268,Free_Sample_Redemption_Rate > 0.07,Free_Sample_Redemption_Rate,0.07,Character,1p,cpg_demo_0819,26730,cpg_demo_0819
626558140458404269,Free_Sample_Redemption_Rate > 0.80,Free_Sample_Redemption_Rate,0.80,Character,1p,cpg_demo_0819,26730,cpg_demo_0819
626558140458404270,Free_Sample_Redemption_Rate > 0.72,Free_Sample_Redemption_Rate,0.72,Character,1p,cpg_demo_0819,26730,cpg_demo_0819
626558140458404271,Free_Sample_Redemption_Rate > 0.86,Free_Sample_Redemption_Rate,0.86,Character,1p,cpg_demo_0819,26730,cpg_demo_0819
626558140458405888,Free_Sample_Redemption_Rate > 0.30,Free_Sample_Redemption_Rate,0.30,Character,1p,cpg_demo_0819,26730,cpg_demo_0819
626558140458405889,Free_Sample_Redemption_Rate > 0.14,Free_Sample_Redemption_Rate,0.14,Character,1p,cpg_demo_0819,26730,cpg_demo_0819
626558140458405890,Free_Sample_Redemption_Rate > 0.75,Free_Sample_Redemption_Rate,0.75,Character,1p,cpg_demo_0819,26730,cpg_demo_0819
626558140458405891,Free_Sample_Redemption_Rate > 0.65,Free_Sample_Redemption_Rate,0.65,Character,1p,cpg_demo_0819,26730,cpg_demo_0819
626558140458405892,Free_Sample_Redemption_Rate > 0.39,Free_Sample_Redemption_Rate,0.39,Character,1p,cpg_demo_0819,26730,cpg_demo_0819
626558140458405893,Free_Sample_Redemption_Rate > 0.58,Free_Sample_Redemption_Rate,0.58,Character,1p,cpg_demo_0819,26730,cpg_demo_0819
626558140458405894,Free_Sample_Redemption_Rate > 0.74,Free_Sample_Redemption_Rate,0.74,Character,1p,cpg_demo_0819,26730,cpg_demo_0819
626558140458405895,Free_Sample_Redemption_Rate > 0.05,Free_Sample_Redemption_Rate,0.05,Character,1p,cpg_demo_0819,26730,cpg_demo_0819
626558140458405896,Free_Sample_Redemption_Rate > 0.33,Free_Sample_Redemption_Rate,0.33,Character,1p,cpg_demo_0819,26730,cpg_demo_0819
626558140458405897,Free_Sample_Redemption_Rate > 0.50,Free_Sample_Redemption_Rate,0.50,Character,1p,cpg_demo_0819,26730,cpg_demo_0819
626558140458405898,Free_Sample_Redemption_Rate > 0.10,Free_Sample_Redemption_Rate,0.10,Character,1p,cpg_demo_0819,26730,cpg_demo_0819
626558140458405899,Free_Sample_Redemption_Rate > 0.13,Free_Sample_Redemption_Rate,0.13,Character,1p,cpg_demo_0819,26730,cpg_demo_0819
626558140458405900,Free_Sample_Redemption_Rate > 0.15,Free_Sample_Redemption_Rate,0.15,Character,1p,cpg_demo_0819,26730,cpg_demo_0819
626558140458405901,Free_Sample_Redemption_Rate > 0.83,Free_Sample_Redemption_Rate,0.83,Character,1p,cpg_demo_0819,26730,cpg_demo_0819
626558140458405902,Free_Sample_Redemption_Rate > 0.47,Free_Sample_Redemption_Rate,0.47,Character,1p,cpg_demo_0819,26730,cpg_demo_0819
626558140458405903,Free_Sample_Redemption_Rate > 0.24,Free_Sample_Redemption_Rate,0.24,Character,1p,cpg_demo_0819,26730,cpg_demo_0819
626558140458405904,Free_Sample_Redemption_Rate > 0.04,Free_Sample_Redemption_Rate,0.04,Character,1p,cpg_demo_0819,26730,cpg_demo_0819
626558140458405905,Free_Sample_Redemption_Rate > 0.57,Free_Sample_Redemption_Rate,0.57,Character,1p,cpg_demo_0819,26730,cpg_demo_0819
626558140458405906,Free_Sample_Redemption_Rate > 0.90,Free_Sample_Redemption_Rate,0.90,Character,1p,cpg_demo_0819,26730,cpg_demo_0819
626558140458405907,Free_Sample_Redemption_Rate > 0.82,Free_Sample_Redemption_Rate,0.82,Character,1p,cpg_demo_0819,26730,cpg_demo_0819
626558140458405908,Free_Sample_Redemption_Rate > 0.87,Free_Sample_Redemption_Rate,0.87,Character,1p,cpg_demo_0819,26730,cpg_demo_0819
626558140458405909,Free_Sample_Redemption_Rate > 0.32,Free_Sample_Redemption_Rate,0.32,Character,1p,cpg_demo_0819,26730,cpg_demo_0819
626558140458405910,Free_Sample_Redemption_Rate > 0.48,Free_Sample_Redemption_Rate,0.48,Character,1p,cpg_demo_0819,26730,cpg_demo_0819
626558140458405911,Free_Sample_Redemption_Rate > 0.08,Free_Sample_Redemption_Rate,0.08,Character,1p,cpg_demo_0819,26730,cpg_demo_0819
626558140458405912,Free_Sample_Redemption_Rate > 0.94,Free_Sample_Redemption_Rate,0.94,Character,1p,cpg_demo_0819,26730,cpg_demo_0819
626558140458405913,Free_Sample_Redemption_Rate > 0.19,Free_Sample_Redemption_Rate,0.19,Character,1p,cpg_demo_0819,26730,cpg_demo_0819
626558140458405914,Free_Sample_Redemption_Rate > 0.91,Free_Sample_Redemption_Rate,0.91,Character,1p,cpg_demo_0819,26730,cpg_demo_0819
626558140458405915,Free_Sample_Redemption_Rate > 0.17,Free_Sample_Redemption_Rate,0.17,Character,1p,cpg_demo_0819,26730,cpg_demo_0819
626558140458405916,Free_Sample_Redemption_Rate > 0.73,Free_Sample_Redemption_Rate,0.73,Character,1p,cpg_demo_0819,26730,cpg_demo_0819
626558140458405917,Free_Sample_Redemption_Rate > 0.68,Free_Sample_Redemption_Rate,0.68,Character,1p,cpg_demo_0819,26730,cpg_demo_0819
626558140458405918,Free_Sample_Redemption_Rate > 0.93,Free_Sample_Redemption_Rate,0.93,Character,1p,cpg_demo_0819,26730,cpg_demo_0819
626558140458405919,Free_Sample_Redemption_Rate > 0.92,Free_Sample_Redemption_Rate,0.92,Character,1p,cpg_demo_0819,26730,cpg_demo_0819
626558140458405920,Free_Sample_Redemption_Rate > 0.00,Free_Sample_Redemption_Rate,0.00,Character,1p,cpg_demo_0819,26730,cpg_demo_0819
626558140458405921,Free_Sample_Redemption_Rate > 0.98,Free_Sample_Redemption_Rate,0.98,Character,1p,cpg_demo_0819,26730,cpg_demo_0819
626558140458405922,Free_Sample_Redemption_Rate > 0.25,Free_Sample_Redemption_Rate,0.25,Character,1p,cpg_demo_0819,26730,cpg_demo_0819
626558140458405923,Free_Sample_Redemption_Rate > 0.54,Free_Sample_Redemption_Rate,0.54,Character,1p,cpg_demo_0819,26730,cpg_demo_0819
626558140458405924,Free_Sample_Redemption_Rate > 0.43,Free_Sample_Redemption_Rate,0.43,Character,1p,cpg_demo_0819,26730,cpg_demo_0819
626558140458405925,Free_Sample_Redemption_Rate > 0.69,Free_Sample_Redemption_Rate,0.69,Character,1p,cpg_demo_0819,26730,cpg_demo_0819
626558140458405926,Free_Sample_Redemption_Rate > 0.21,Free_Sample_Redemption_Rate,0.21,Character,1p,cpg_demo_0819,26730,cpg_demo_0819
626558140458405927,Free_Sample_Redemption_Rate > 0.44,Free_Sample_Redemption_Rate,0.44,Character,1p,cpg_demo_0819,26730,cpg_demo_0819
626558140458405928,Free_Sample_Redemption_Rate > 0.38,Free_Sample_Redemption_Rate,0.38,Character,1p,cpg_demo_0819,26730,cpg_demo_0819
626558140458405929,Free_Sample_Redemption_Rate > 0.36,Free_Sample_Redemption_Rate,0.36,Character,1p,cpg_demo_0819,26730,cpg_demo_0819
626558140458405930,Free_Sample_Redemption_Rate > 0.85,Free_Sample_Redemption_Rate,0.85,Character,1p,cpg_demo_0819,26730,cpg_demo_0819
626558140458405931,Free_Sample_Redemption_Rate > 0.60,Free_Sample_Redemption_Rate,0.60,Character,1p,cpg_demo_0819,26730,cpg_demo_0819
626558140458405932,Free_Sample_Redemption_Rate > 0.02,Free_Sample_Redemption_Rate,0.02,Character,1p,cpg_demo_0819,26730,cpg_demo_0819
626558140458405933,Free_Sample_Redemption_Rate > 0.20,Free_Sample_Redemption_Rate,0.20,Character,1p,cpg_demo_0819,26730,cpg_demo_0819
626558140458405934,Free_Sample_Redemption_Rate > 0.12,Free_Sample_Redemption_Rate,0.12,Character,1p,cpg_demo_0819,26730,cpg_demo_0819
626558140458405935,Free_Sample_Redemption_Rate > 0.27,Free_Sample_Redemption_Rate,0.27,Character,1p,cpg_demo_0819,26730,cpg_demo_0819
626558140458405936,Free_Sample_Redemption_Rate > 0.09,Free_Sample_Redemption_Rate,0.09,Character,1p,cpg_demo_0819,26730,cpg_demo_0819
626558140458405937,Free_Sample_Redemption_Rate > 0.35,Free_Sample_Redemption_Rate,0.35,Character,1p,cpg_demo_0819,26730,cpg_demo_0819
626558140458405938,Free_Sample_Redemption_Rate > 0.46,Free_Sample_Redemption_Rate,0.46,Character,1p,cpg_demo_0819,26730,cpg_demo_0819
626558140458405939,Free_Sample_Redemption_Rate > 0.77,Free_Sample_Redemption_Rate,0.77,Character,1p,cpg_demo_0819,26730,cpg_demo_0819
626558140458405940,Free_Sample_Redemption_Rate > 0.31,Free_Sample_Redemption_Rate,0.31,Character,1p,cpg_demo_0819,26730,cpg_demo_0819
626558140458405941,Free_Sample_Redemption_Rate > 0.89,Free_Sample_Redemption_Rate,0.89,Character,1p,cpg_demo_0819,26730,cpg_demo_0819
626558140458405942,Free_Sample_Redemption_Rate > 0.22,Free_Sample_Redemption_Rate,0.22,Character,1p,cpg_demo_0819,26730,cpg_demo_0819
626558140458405943,Free_Sample_Redemption_Rate > 0.79,Free_Sample_Redemption_Rate,0.79,Character,1p,cpg_demo_0819,26730,cpg_demo_0819
626558140458405944,Free_Sample_Redemption_Rate > 0.26,Free_Sample_Redemption_Rate,0.26,Character,1p,cpg_demo_0819,26730,cpg_demo_0819
626558140458405945,Free_Sample_Redemption_Rate > 0.67,Free_Sample_Redemption_Rate,0.67,Character,1p,cpg_demo_0819,26730,cpg_demo_0819
626558140458405946,Free_Sample_Redemption_Rate > 0.81,Free_Sample_Redemption_Rate,0.81,Character,1p,cpg_demo_0819,26730,cpg_demo_0819
626558140458405947,Free_Sample_Redemption_Rate > 0.66,Free_Sample_Redemption_Rate,0.66,Character,1p,cpg_demo_0819,26730,cpg_demo_0819
626558140458405948,Free_Sample_Redemption_Rate > 0.71,Free_Sample_Redemption_Rate,0.71,Character,1p,cpg_demo_0819,26730,cpg_demo_0819
626558140458405949,Free_Sample_Redemption_Rate > 0.53,Free_Sample_Redemption_Rate,0.53,Character,1p,cpg_demo_0819,26730,cpg_demo_0819
626558140458405950,Free_Sample_Redemption_Rate > 0.55,Free_Sample_Redemption_Rate,0.55,Character,1p,cpg_demo_0819,26730,cpg_demo_0819
626558140458405951,Free_Sample_Redemption_Rate > 0.63,Free_Sample_Redemption_Rate,0.63,Character,1p,cpg_demo_0819,26730,cpg_demo_0819
626558140458405952,Free_Sample_Redemption_Rate > 0.76,Free_Sample_Redemption_Rate,0.76,Character,1p,cpg_demo_0819,26730,cpg_demo_0819
626558140458405953,Free_Sample_Redemption_Rate > 0.29,Free_Sample_Redemption_Rate,0.29,Character,1p,cpg_demo_0819,26730,cpg_demo_0819
626558140458405954,Free_Sample_Redemption_Rate > 1.00,Free_Sample_Redemption_Rate,1.00,Character,1p,cpg_demo_0819,26730,cpg_demo_0819
626558140458405955,Free_Sample_Redemption_Rate > 0.96,Free_Sample_Redemption_Rate,0.96,Character,1p,cpg_demo_0819,26730,cpg_demo_0819
626558140458405956,Free_Sample_Redemption_Rate > 0.56,Free_Sample_Redemption_Rate,0.56,Character,1p,cpg_demo_0819,26730,cpg_demo_0819
626558140458405957,Free_Sample_Redemption_Rate > 0.49,Free_Sample_Redemption_Rate,0.49,Character,1p,cpg_demo_0819,26730,cpg_demo_0819
626558140458405958,Free_Sample_Redemption_Rate > 0.11,Free_Sample_Redemption_Rate,0.11,Character,1p,cpg_demo_0819,26730,cpg_demo_0819
626558140458405959,Free_Sample_Redemption_Rate > 0.52,Free_Sample_Redemption_Rate,0.52,Character,1p,cpg_demo_0819,26730,cpg_demo_0819
626558140458405960,Free_Sample_Redemption_Rate > 0.16,Free_Sample_Redemption_Rate,0.16,Character,1p,cpg_demo_0819,26730,cpg_demo_0819
626558140458405961,Free_Sample_Redemption_Rate > 0.28,Free_Sample_Redemption_Rate,0.28,Character,1p,cpg_demo_0819,26730,cpg_demo_0819
626558140458405962,Free_Sample_Redemption_Rate > 0.18,Free_Sample_Redemption_Rate,0.18,Character,1p,cpg_demo_0819,26730,cpg_demo_0819
626558140458405963,Free_Sample_Redemption_Rate > 0.99,Free_Sample_Redemption_Rate,0.99,Character,1p,cpg_demo_0819,26730,cpg_demo_0819
626558140458405964,Free_Sample_Redemption_Rate > 0.42,Free_Sample_Redemption_Rate,0.42,Character,1p,cpg_demo_0819,26730,cpg_demo_0819
626558140458405965,Free_Sample_Redemption_Rate > 0.97,Free_Sample_Redemption_Rate,0.97,Character,1p,cpg_demo_0819,26730,cpg_demo_0819
626558140458405966,Free_Sample_Redemption_Rate > 0.40,Free_Sample_Redemption_Rate,0.40,Character,1p,cpg_demo_0819,26730,cpg_demo_0819
626558140458405967,Free_Sample_Redemption_Rate > 0.70,Free_Sample_Redemption_Rate,0.70,Character,1p,cpg_demo_0819,26730,cpg_demo_0819
626558140458405968,Free_Sample_Redemption_Rate > 0.37,Free_Sample_Redemption_Rate,0.37,Character,1p,cpg_demo_0819,26730,cpg_demo_0819
626558140458405969,Free_Sample_Redemption_Rate > 0.03,Free_Sample_Redemption_Rate,0.03,Character,1p,cpg_demo_0819,26730,cpg_demo_0819
626558140458405970,Free_Sample_Redemption_Rate > 0.84,Free_Sample_Redemption_Rate,0.84,Character,1p,cpg_demo_0819,26730,cpg_demo_0819
626558140458405971,Free_Sample_Redemption_Rate > 0.78,Free_Sample_Redemption_Rate,0.78,Character,1p,cpg_demo_0819,26730,cpg_demo_0819
626558140458405972,Free_Sample_Redemption_Rate > 0.51,Free_Sample_Redemption_Rate,0.51,Character,1p,cpg_demo_0819,26730,cpg_demo_0819
626558140458405973,Free_Sample_Redemption_Rate > 0.01,Free_Sample_Redemption_Rate,0.01,Character,1p,cpg_demo_0819,26730,cpg_demo_0819
626558140458405974,Free_Sample_Redemption_Rate > 0.23,Free_Sample_Redemption_Rate,0.23,Character,1p,cpg_demo_0819,26730,cpg_demo_0819
626558140458405975,Free_Sample_Redemption_Rate > 0.06,Free_Sample_Redemption_Rate,0.06,Character,1p,cpg_demo_0819,26730,cpg_demo_0819
626558140458405976,Free_Sample_Redemption_Rate > 0.34,Free_Sample_Redemption_Rate,0.34,Character,1p,cpg_demo_0819,26730,cpg_demo_0819
626558140458405977,Free_Sample_Redemption_Rate > 0.64,Free_Sample_Redemption_Rate,0.64,Character,1p,cpg_demo_0819,26730,cpg_demo_0819
626558140458405978,Free_Sample_Redemption_Rate > 0.41,Free_Sample_Redemption_Rate,0.41,Character,1p,cpg_demo_0819,26730,cpg_demo_0819
626558140458405979,Free_Sample_Redemption_Rate > 0.62,Free_Sample_Redemption_Rate,0.62,Character,1p,cpg_demo_0819,26730,cpg_demo_0819
626558140458405980,Free_Sample_Redemption_Rate > 0.88,Free_Sample_Redemption_Rate,0.88,Character,1p,cpg_demo_0819,26730,cpg_demo_0819
626558140458408001,Roger_Gallet_Preference_Score > 3,Roger_Gallet_Preference_Score,3,Character,1p,cpg_demo_0819,26730,cpg_demo_0819
626558140458408002,Roger_Gallet_Preference_Score > 1,Roger_Gallet_Preference_Score,1,Character,1p,cpg_demo_0819,26730,cpg_demo_0819
626558140458408003,Roger_Gallet_Preference_Score > 2,Roger_Gallet_Preference_Score,2,Character,1p,cpg_demo_0819,26730,cpg_demo_0819
626558140458408004,Roger_Gallet_Preference_Score > 5,Roger_Gallet_Preference_Score,5,Character,1p,cpg_demo_0819,26730,cpg_demo_0819
626558140458408005,Roger_Gallet_Preference_Score > 8,Roger_Gallet_Preference_Score,8,Character,1p,cpg_demo_0819,26730,cpg_demo_0819
626558140458408006,Roger_Gallet_Preference_Score > 4,Roger_Gallet_Preference_Score,4,Character,1p,cpg_demo_0819,26730,cpg_demo_0819
626558140458408007,Roger_Gallet_Preference_Score > 9,Roger_Gallet_Preference_Score,9,Character,1p,cpg_demo_0819,26730,cpg_demo_0819
626558140458408008,Roger_Gallet_Preference_Score > 10,Roger_Gallet_Preference_Score,10,Character,1p,cpg_demo_0819,26730,cpg_demo_0819
626558140458408009,Roger_Gallet_Preference_Score > 6,Roger_Gallet_Preference_Score,6,Character,1p,cpg_demo_0819,26730,cpg_demo_0819
626558140458408010,Roger_Gallet_Preference_Score > 7,Roger_Gallet_Preference_Score,7,Character,1p,cpg_demo_0819,26730,cpg_demo_0819
626558140458406263,Hair_Styling_Category_Spend_Tier > Medium,Hair_Styling_Category_Spend_Tier,Medium,Character,1p,cpg_demo_0819,26730,cpg_demo_0819
626558140458406264,Hair_Styling_Category_Spend_Tier > Premium,Hair_Styling_Category_Spend_Tier,Premium,Character,1p,cpg_demo_0819,26730,cpg_demo_0819
626558140458406265,Hair_Styling_Category_Spend_Tier > Low,Hair_Styling_Category_Spend_Tier,Low,Character,1p,cpg_demo_0819,26730,cpg_demo_0819
626558140458406266,Hair_Styling_Category_Spend_Tier > High,Hair_Styling_Category_Spend_Tier,High,Character,1p,cpg_demo_0819,26730,cpg_demo_0819
626558140458406315,Mask_Treatment_Purchase_Frequency > Monthly,Mask_Treatment_Purchase_Frequency,Monthly,Character,1p,cpg_demo_0819,26730,cpg_demo_0819
626558140458406316,Mask_Treatment_Purchase_Frequency > Rarely,Mask_Treatment_Purchase_Frequency,Rarely,Character,1p,cpg_demo_0819,26730,cpg_demo_0819
626558140458406317,Mask_Treatment_Purchase_Frequency > Never,Mask_Treatment_Purchase_Frequency,Never,Character,1p,cpg_demo_0819,26730,cpg_demo_0819
626558140458406318,Mask_Treatment_Purchase_Frequency > Quarterly,Mask_Treatment_Purchase_Frequency,Quarterly,Character,1p,cpg_demo_0819,26730,cpg_demo_0819
626558140458406319,Mask_Treatment_Purchase_Frequency > Weekly,Mask_Treatment_Purchase_Frequency,Weekly,Character,1p,cpg_demo_0819,26730,cpg_demo_0819
626558140458402397,Cleansing_Spend_Tier > Medium,Cleansing_Spend_Tier,Medium,Character,1p,cpg_demo_0819,26730,cpg_demo_0819
626558140458402398,Cleansing_Spend_Tier > Premium,Cleansing_Spend_Tier,Premium,Character,1p,cpg_demo_0819,26730,cpg_demo_0819
626558140458402399,Cleansing_Spend_Tier > Low,Cleansing_Spend_Tier,Low,Character,1p,cpg_demo_0819,26730,cpg_demo_0819
626558140458402400,Cleansing_Spend_Tier > High,Cleansing_Spend_Tier,High,Character,1p,cpg_demo_0819,26730,cpg_demo_0819
626558140458407960,In_Store_Event_Attendance > N,In_Store_Event_Attendance,N,Character,1p,cpg_demo_0819,26730,cpg_demo_0819
626558140458407961,In_Store_Event_Attendance > Y,In_Store_Event_Attendance,Y,Character,1p,cpg_demo_0819,26730,cpg_demo_0819
626558140458406001,Body_Fragrance_Mist_Buyer > N,Body_Fragrance_Mist_Buyer,N,Character,1p,cpg_demo_0819,26730,cpg_demo_0819
626558140458406002,Body_Fragrance_Mist_Buyer > Y,Body_Fragrance_Mist_Buyer,Y,Character,1p,cpg_demo_0819,26730,cpg_demo_0819
626558140458406285,Refillable_Packaging_Interest > N,Refillable_Packaging_Interest,N,Character,1p,cpg_demo_0819,26730,cpg_demo_0819
626558140458406286,Refillable_Packaging_Interest > Y,Refillable_Packaging_Interest,Y,Character,1p,cpg_demo_0819,26730,cpg_demo_0819
626558140458401833,SPF_Preference_Level > SPF15,SPF_Preference_Level,SPF15,Character,1p,cpg_demo_0819,26730,cpg_demo_0819
626558140458401834,SPF_Preference_Level > NoPreference,SPF_Preference_Level,NoPreference,Character,1p,cpg_demo_0819,26730,cpg_demo_0819
626558140458401835,SPF_Preference_Level > SPF30,SPF_Preference_Level,SPF30,Character,1p,cpg_demo_0819,26730,cpg_demo_0819
626558140458401836,SPF_Preference_Level > SPF50,SPF_Preference_Level,SPF50,Character,1p,cpg_demo_0819,26730,cpg_demo_0819
626558140458401837,SPF_Preference_Level > SPF50+,SPF_Preference_Level,SPF50+,Character,1p,cpg_demo_0819,26730,cpg_demo_0819
626558140458406108,Dermatologist_Recommended_Product_Preference > N,Dermatologist_Recommended_Product_Preference,N,Character,1p,cpg_demo_0819,26730,cpg_demo_0819
626558140458406109,Dermatologist_Recommended_Product_Preference > Y,Dermatologist_Recommended_Product_Preference,Y,Character,1p,cpg_demo_0819,26730,cpg_demo_0819
626558140458404262,Smart_Home_Device_Owner > N,Smart_Home_Device_Owner,N,Character,1p,cpg_demo_0819,26730,cpg_demo_0819
626558140458404263,Smart_Home_Device_Owner > Y,Smart_Home_Device_Owner,Y,Character,1p,cpg_demo_0819,26730,cpg_demo_0819
626558140458406048,Pregnancy_Safe_Product_Interest > N,Pregnancy_Safe_Product_Interest,N,Character,1p,cpg_demo_0819,26730,cpg_demo_0819
626558140458406049,Pregnancy_Safe_Product_Interest > Y,Pregnancy_Safe_Product_Interest,Y,Character,1p,cpg_demo_0819,26730,cpg_demo_0819
626558140458406345,Ralph_Lauren_Fragrance_Purchase_History > N,Ralph_Lauren_Fragrance_Purchase_History,N,Character,1p,cpg_demo_0819,26730,cpg_demo_0819
626558140458406346,Ralph_Lauren_Fragrance_Purchase_History > Y,Ralph_Lauren_Fragrance_Purchase_History,Y,Character,1p,cpg_demo_0819,26730,cpg_demo_0819
626558140458401886,Professional_Nail_Salon_User > N,Professional_Nail_Salon_User,N,Character,1p,cpg_demo_0819,26730,cpg_demo_0819
626558140458401887,Professional_Nail_Salon_User > Y,Professional_Nail_Salon_User,Y,Character,1p,cpg_demo_0819,26730,cpg_demo_0819
626558140458407976,Salon_Visit_Frequency_Per_Year > 0,Salon_Visit_Frequency_Per_Year,0,Character,1p,cpg_demo_0819,26730,cpg_demo_0819
626558140458407977,Salon_Visit_Frequency_Per_Year > 3,Salon_Visit_Frequency_Per_Year,3,Character,1p,cpg_demo_0819,26730,cpg_demo_0819
626558140458407978,Salon_Visit_Frequency_Per_Year > 23,Salon_Visit_Frequency_Per_Year,23,Character,1p,cpg_demo_0819,26730,cpg_demo_0819
626558140458407979,Salon_Visit_Frequency_Per_Year > 21,Salon_Visit_Frequency_Per_Year,21,Character,1p,cpg_demo_0819,26730,cpg_demo_0819
626558140458407980,Salon_Visit_Frequency_Per_Year > 1,Salon_Visit_Frequency_Per_Year,1,Character,1p,cpg_demo_0819,26730,cpg_demo_0819
626558140458407981,Salon_Visit_Frequency_Per_Year > 15,Salon_Visit_Frequency_Per_Year,15,Character,1p,cpg_demo_0819,26730,cpg_demo_0819
626558140458407982,Salon_Visit_Frequency_Per_Year > 2,Salon_Visit_Frequency_Per_Year,2,Character,1p,cpg_demo_0819,26730,cpg_demo_0819
626558140458407983,Salon_Visit_Frequency_Per_Year > 5,Salon_Visit_Frequency_Per_Year,5,Character,1p,cpg_demo_0819,26730,cpg_demo_0819
626558140458407984,Salon_Visit_Frequency_Per_Year > 8,Salon_Visit_Frequency_Per_Year,8,Character,1p,cpg_demo_0819,26730,cpg_demo_0819
626558140458407985,Salon_Visit_Frequency_Per_Year > 11,Salon_Visit_Frequency_Per_Year,11,Character,1p,cpg_demo_0819,26730,cpg_demo_0819
626558140458407986,Salon_Visit_Frequency_Per_Year > 16,Salon_Visit_Frequency_Per_Year,16,Character,1p,cpg_demo_0819,26730,cpg_demo_0819
626558140458407987,Salon_Visit_Frequency_Per_Year > 14,Salon_Visit_Frequency_Per_Year,14,Character,1p,cpg_demo_0819,26730,cpg_demo_0819
626558140458407988,Salon_Visit_Frequency_Per_Year > 4,Salon_Visit_Frequency_Per_Year,4,Character,1p,cpg_demo_0819,26730,cpg_demo_0819
626558140458407989,Salon_Visit_Frequency_Per_Year > 22,Salon_Visit_Frequency_Per_Year,22,Character,1p,cpg_demo_0819,26730,cpg_demo_0819
626558140458407990,Salon_Visit_Frequency_Per_Year > 24,Salon_Visit_Frequency_Per_Year,24,Character,1p,cpg_demo_0819,26730,cpg_demo_0819
626558140458407991,Salon_Visit_Frequency_Per_Year > 9,Salon_Visit_Frequency_Per_Year,9,Character,1p,cpg_demo_0819,26730,cpg_demo_0819
626558140458407992,Salon_Visit_Frequency_Per_Year > 7,Salon_Visit_Frequency_Per_Year,7,Character,1p,cpg_demo_0819,26730,cpg_demo_0819
626558140458407993,Salon_Visit_Frequency_Per_Year > 10,Salon_Visit_Frequency_Per_Year,10,Character,1p,cpg_demo_0819,26730,cpg_demo_0819
626558140458407994,Salon_Visit_Frequency_Per_Year > 17,Salon_Visit_Frequency_Per_Year,17,Character,1p,cpg_demo_0819,26730,cpg_demo_0819
626558140458407995,Salon_Visit_Frequency_Per_Year > 13,Salon_Visit_Frequency_Per_Year,13,Character,1p,cpg_demo_0819,26730,cpg_demo_0819
626558140458407996,Salon_Visit_Frequency_Per_Year > 20,Salon_Visit_Frequency_Per_Year,20,Character,1p,cpg_demo_0819,26730,cpg_demo_0819
626558140458407997,Salon_Visit_Frequency_Per_Year > 12,Salon_Visit_Frequency_Per_Year,12,Character,1p,cpg_demo_0819,26730,cpg_demo_0819
626558140458407998,Salon_Visit_Frequency_Per_Year > 19,Salon_Visit_Frequency_Per_Year,19,Character,1p,cpg_demo_0819,26730,cpg_demo_0819
626558140458407999,Salon_Visit_Frequency_Per_Year > 6,Salon_Visit_Frequency_Per_Year,6,Character,1p,cpg_demo_0819,26730,cpg_demo_0819
626558140458408000,Salon_Visit_Frequency_Per_Year > 18,Salon_Visit_Frequency_Per_Year,18,Character,1p,cpg_demo_0819,26730,cpg_demo_0819
626558140458404034,Retinol_Product_User > N,Retinol_Product_User,N,Character,1p,cpg_demo_0819,26730,cpg_demo_0819
626558140458404035,Retinol_Product_User > Y,Retinol_Product_User,Y,Character,1p,cpg_demo_0819,26730,cpg_demo_0819
626558140458407940,Eye_Care_Purchase_Frequency > Monthly,Eye_Care_Purchase_Frequency,Monthly,Character,1p,cpg_demo_0819,26730,cpg_demo_0819
626558140458407941,Eye_Care_Purchase_Frequency > Rarely,Eye_Care_Purchase_Frequency,Rarely,Character,1p,cpg_demo_0819,26730,cpg_demo_0819
626558140458407942,Eye_Care_Purchase_Frequency > Never,Eye_Care_Purchase_Frequency,Never,Character,1p,cpg_demo_0819,26730,cpg_demo_0819
626558140458407943,Eye_Care_Purchase_Frequency > Quarterly,Eye_Care_Purchase_Frequency,Quarterly,Character,1p,cpg_demo_0819,26730,cpg_demo_0819
626558140458407944,Eye_Care_Purchase_Frequency > Weekly,Eye_Care_Purchase_Frequency,Weekly,Character,1p,cpg_demo_0819,26730,cpg_demo_0819
626558140458406282,Mass_Beauty_Spend_Tier > Medium,Mass_Beauty_Spend_Tier,Medium,Character,1p,cpg_demo_0819,26730,cpg_demo_0819
626558140458406283,Mass_Beauty_Spend_Tier > Low,Mass_Beauty_Spend_Tier,Low,Character,1p,cpg_demo_0819,26730,cpg_demo_0819
626558140458406284,Mass_Beauty_Spend_Tier > High,Mass_Beauty_Spend_Tier,High,Character,1p,cpg_demo_0819,26730,cpg_demo_0819
626558140458399750,Customer_Tenure_Years > 11.5,Customer_Tenure_Years,11.5,Character,1p,cpg_demo_0819,26730,cpg_demo_0819
626558140458399751,Customer_Tenure_Years > 13.1,Customer_Tenure_Years,13.1,Character,1p,cpg_demo_0819,26730,cpg_demo_0819
626558140458399752,Customer_Tenure_Years > 17.7,Customer_Tenure_Years,17.7,Character,1p,cpg_demo_0819,26730,cpg_demo_0819
626558140458399753,Customer_Tenure_Years > 2.8,Customer_Tenure_Years,2.8,Character,1p,cpg_demo_0819,26730,cpg_demo_0819
626558140458399754,Customer_Tenure_Years > 2.5,Customer_Tenure_Years,2.5,Character,1p,cpg_demo_0819,26730,cpg_demo_0819
626558140458399755,Customer_Tenure_Years > 15.5,Customer_Tenure_Years,15.5,Character,1p,cpg_demo_0819,26730,cpg_demo_0819
626558140458399756,Customer_Tenure_Years > 15.2,Customer_Tenure_Years,15.2,Character,1p,cpg_demo_0819,26730,cpg_demo_0819
626558140458399757,Customer_Tenure_Years > 16.0,Customer_Tenure_Years,16.0,Character,1p,cpg_demo_0819,26730,cpg_demo_0819
626558140458399758,Customer_Tenure_Years > 15.0,Customer_Tenure_Years,15.0,Character,1p,cpg_demo_0819,26730,cpg_demo_0819
626558140458399759,Customer_Tenure_Years > 13.6,Customer_Tenure_Years,13.6,Character,1p,cpg_demo_0819,26730,cpg_demo_0819
626558140458399760,Customer_Tenure_Years > 0.2,Customer_Tenure_Years,0.2,Character,1p,cpg_demo_0819,26730,cpg_demo_0819
626558140458399761,Customer_Tenure_Years > 1.2,Customer_Tenure_Years,1.2,Character,1p,cpg_demo_0819,26730,cpg_demo_0819
626558140458399762,Customer_Tenure_Years > 9.5,Customer_Tenure_Years,9.5,Character,1p,cpg_demo_0819,26730,cpg_demo_0819
626558140458399763,Customer_Tenure_Years > 17.5,Customer_Tenure_Years,17.5,Character,1p,cpg_demo_0819,26730,cpg_demo_0819
626558140458399764,Customer_Tenure_Years > 17.2,Customer_Tenure_Years,17.2,Character,1p,cpg_demo_0819,26730,cpg_demo_0819
626558140458399765,Customer_Tenure_Years > 3.1,Customer_Tenure_Years,3.1,Character,1p,cpg_demo_0819,26730,cpg_demo_0819
626558140458399766,Customer_Tenure_Years > 7.4,Customer_Tenure_Years,7.4,Character,1p,cpg_demo_0819,26730,cpg_demo_0819
626558140458399767,Customer_Tenure_Years > 19.0,Customer_Tenure_Years,19.0,Character,1p,cpg_demo_0819,26730,cpg_demo_0819
626558140458399768,Customer_Tenure_Years > 9.9,Customer_Tenure_Years,9.9,Character,1p,cpg_demo_0819,26730,cpg_demo_0819
626558140458399769,Customer_Tenure_Years > 18.2,Customer_Tenure_Years,18.2,Character,1p,cpg_demo_0819,26730,cpg_demo_0819
626558140458399770,Customer_Tenure_Years > 14.8,Customer_Tenure_Years,14.8,Character,1p,cpg_demo_0819,26730,cpg_demo_0819
626558140458399771,Customer_Tenure_Years > 10.1,Customer_Tenure_Years,10.1,Character,1p,cpg_demo_0819,26730,cpg_demo_0819
626558140458399772,Customer_Tenure_Years > 12.4,Customer_Tenure_Years,12.4,Character,1p,cpg_demo_0819,26730,cpg_demo_0819
626558140458399773,Customer_Tenure_Years > 5.4,Customer_Tenure_Years,5.4,Character,1p,cpg_demo_0819,26730,cpg_demo_0819
626558140458399774,Customer_Tenure_Years > 1.4,Customer_Tenure_Years,1.4,Character,1p,cpg_demo_0819,26730,cpg_demo_0819
626558140458399775,Customer_Tenure_Years > 18.6,Customer_Tenure_Years,18.6,Character,1p,cpg_demo_0819,26730,cpg_demo_0819
626558140458399776,Customer_Tenure_Years > 12.2,Customer_Tenure_Years,12.2,Character,1p,cpg_demo_0819,26730,cpg_demo_0819
626558140458399777,Customer_Tenure_Years > 0.4,Customer_Tenure_Years,0.4,Character,1p,cpg_demo_0819,26730,cpg_demo_0819
626558140458399778,Customer_Tenure_Years > 15.8,Customer_Tenure_Years,15.8,Character,1p,cpg_demo_0819,26730,cpg_demo_0819
626558140458399779,Customer_Tenure_Years > 3.7,Customer_Tenure_Years,3.7,Character,1p,cpg_demo_0819,26730,cpg_demo_0819
626558140458399780,Customer_Tenure_Years > 1.6,Customer_Tenure_Years,1.6,Character,1p,cpg_demo_0819,26730,cpg_demo_0819
626558140458399781,Customer_Tenure_Years > 13.4,Customer_Tenure_Years,13.4,Character,1p,cpg_demo_0819,26730,cpg_demo_0819
626558140458399782,Customer_Tenure_Years > 7.9,Customer_Tenure_Years,7.9,Character,1p,cpg_demo_0819,26730,cpg_demo_0819
626558140458399783,Customer_Tenure_Years > 1.7,Customer_Tenure_Years,1.7,Character,1p,cpg_demo_0819,26730,cpg_demo_0819
626558140458399784,Customer_Tenure_Years > 6.7,Customer_Tenure_Years,6.7,Character,1p,cpg_demo_0819,26730,cpg_demo_0819
626558140458399785,Customer_Tenure_Years > 8.1,Customer_Tenure_Years,8.1,Character,1p,cpg_demo_0819,26730,cpg_demo_0819
626558140458399786,Customer_Tenure_Years > 8.0,Customer_Tenure_Years,8.0,Character,1p,cpg_demo_0819,26730,cpg_demo_0819
626558140458399787,Customer_Tenure_Years > 14.2,Customer_Tenure_Years,14.2,Character,1p,cpg_demo_0819,26730,cpg_demo_0819
626558140458399788,Customer_Tenure_Years > 12.0,Customer_Tenure_Years,12.0,Character,1p,cpg_demo_0819,26730,cpg_demo_0819
626558140458399789,Customer_Tenure_Years > 16.2,Customer_Tenure_Years,16.2,Character,1p,cpg_demo_0819,26730,cpg_demo_0819
626558140458399790,Customer_Tenure_Years > 2.2,Customer_Tenure_Years,2.2,Character,1p,cpg_demo_0819,26730,cpg_demo_0819
626558140458399791,Customer_Tenure_Years > 2.1,Customer_Tenure_Years,2.1,Character,1p,cpg_demo_0819,26730,cpg_demo_0819
626558140458399792,Customer_Tenure_Years > 18.8,Customer_Tenure_Years,18.8,Character,1p,cpg_demo_0819,26730,cpg_demo_0819
626558140458399793,Customer_Tenure_Years > 5.0,Customer_Tenure_Years,5.0,Character,1p,cpg_demo_0819,26730,cpg_demo_0819
626558140458399794,Customer_Tenure_Years > 14.3,Customer_Tenure_Years,14.3,Character,1p,cpg_demo_0819,26730,cpg_demo_0819
626558140458399795,Customer_Tenure_Years > 19.3,Customer_Tenure_Years,19.3,Character,1p,cpg_demo_0819,26730,cpg_demo_0819
626558140458399796,Customer_Tenure_Years > 19.9,Customer_Tenure_Years,19.9,Character,1p,cpg_demo_0819,26730,cpg_demo_0819
626558140458399797,Customer_Tenure_Years > 17.0,Customer_Tenure_Years,17.0,Character,1p,cpg_demo_0819,26730,cpg_demo_0819
626558140458399798,Customer_Tenure_Years > 2.4,Customer_Tenure_Years,2.4,Character,1p,cpg_demo_0819,26730,cpg_demo_0819
626558140458399799,Customer_Tenure_Years > 1.9,Customer_Tenure_Years,1.9,Character,1p,cpg_demo_0819,26730,cpg_demo_0819
626558140458399800,Customer_Tenure_Years > 14.7,Customer_Tenure_Years,14.7,Character,1p,cpg_demo_0819,26730,cpg_demo_0819
626558140458399801,Customer_Tenure_Years > 15.6,Customer_Tenure_Years,15.6,Character,1p,cpg_demo_0819,26730,cpg_demo_0819
626558140458399802,Customer_Tenure_Years > 9.2,Customer_Tenure_Years,9.2,Character,1p,cpg_demo_0819,26730,cpg_demo_0819
626558140458399803,Customer_Tenure_Years > 19.5,Customer_Tenure_Years,19.5,Character,1p,cpg_demo_0819,26730,cpg_demo_0819
626558140458399804,Customer_Tenure_Years > 10.8,Customer_Tenure_Years,10.8,Character,1p,cpg_demo_0819,26730,cpg_demo_0819
626558140458399805,Customer_Tenure_Years > 10.3,Customer_Tenure_Years,10.3,Character,1p,cpg_demo_0819,26730,cpg_demo_0819
626558140458399806,Customer_Tenure_Years > 5.3,Customer_Tenure_Years,5.3,Character,1p,cpg_demo_0819,26730,cpg_demo_0819
626558140458399807,Customer_Tenure_Years > 11.1,Customer_Tenure_Years,11.1,Character,1p,cpg_demo_0819,26730,cpg_demo_0819
626558140458399808,Customer_Tenure_Years > 11.4,Customer_Tenure_Years,11.4,Character,1p,cpg_demo_0819,26730,cpg_demo_0819
626558140458399809,Customer_Tenure_Years > 9.8,Customer_Tenure_Years,9.8,Character,1p,cpg_demo_0819,26730,cpg_demo_0819
626558140458399810,Customer_Tenure_Years > 13.8,Customer_Tenure_Years,13.8,Character,1p,cpg_demo_0819,26730,cpg_demo_0819
626558140458399811,Customer_Tenure_Years > 19.6,Customer_Tenure_Years,19.6,Character,1p,cpg_demo_0819,26730,cpg_demo_0819
626558140458399812,Customer_Tenure_Years > 14.4,Customer_Tenure_Years,14.4,Character,1p,cpg_demo_0819,26730,cpg_demo_0819
626558140458399813,Customer_Tenure_Years > 11.6,Customer_Tenure_Years,11.6,Character,1p,cpg_demo_0819,26730,cpg_demo_0819
626558140458399814,Customer_Tenure_Years > 4.5,Customer_Tenure_Years,4.5,Character,1p,cpg_demo_0819,26730,cpg_demo_0819
626558140458399815,Customer_Tenure_Years > 8.8,Customer_Tenure_Years,8.8,Character,1p,cpg_demo_0819,26730,cpg_demo_0819
626558140458399816,Customer_Tenure_Years > 9.7,Customer_Tenure_Years,9.7,Character,1p,cpg_demo_0819,26730,cpg_demo_0819
626558140458399817,Customer_Tenure_Years > 12.6,Customer_Tenure_Years,12.6,Character,1p,cpg_demo_0819,26730,cpg_demo_0819
626558140458399818,Customer_Tenure_Years > 8.9,Customer_Tenure_Years,8.9,Character,1p,cpg_demo_0819,26730,cpg_demo_0819
626558140458399819,Customer_Tenure_Years > 5.2,Customer_Tenure_Years,5.2,Character,1p,cpg_demo_0819,26730,cpg_demo_0819
626558140458399820,Customer_Tenure_Years > 16.1,Customer_Tenure_Years,16.1,Character,1p,cpg_demo_0819,26730,cpg_demo_0819
626558140458399821,Customer_Tenure_Years > 16.7,Customer_Tenure_Years,16.7,Character,1p,cpg_demo_0819,26730,cpg_demo_0819
626558140458399822,Customer_Tenure_Years > 5.7,Customer_Tenure_Years,5.7,Character,1p,cpg_demo_0819,26730,cpg_demo_0819
626558140458399823,Customer_Tenure_Years > 17.4,Customer_Tenure_Years,17.4,Character,1p,cpg_demo_0819,26730,cpg_demo_0819
626558140458399824,Customer_Tenure_Years > 19.7,Customer_Tenure_Years,19.7,Character,1p,cpg_demo_0819,26730,cpg_demo_0819
626558140458399825,Customer_Tenure_Years > 18.9,Customer_Tenure_Years,18.9,Character,1p,cpg_demo_0819,26730,cpg_demo_0819
626558140458399826,Customer_Tenure_Years > 6.3,Customer_Tenure_Years,6.3,Character,1p,cpg_demo_0819,26730,cpg_demo_0819
626558140458399827,Customer_Tenure_Years > 5.5,Customer_Tenure_Years,5.5,Character,1p,cpg_demo_0819,26730,cpg_demo_0819
626558140458399828,Customer_Tenure_Years > 13.7,Customer_Tenure_Years,13.7,Character,1p,cpg_demo_0819,26730,cpg_demo_0819
626558140458399829,Customer_Tenure_Years > 3.3,Customer_Tenure_Years,3.3,Character,1p,cpg_demo_0819,26730,cpg_demo_0819
626558140458399830,Customer_Tenure_Years > 19.2,Customer_Tenure_Years,19.2,Character,1p,cpg_demo_0819,26730,cpg_demo_0819
626558140458399831,Customer_Tenure_Years > 17.9,Customer_Tenure_Years,17.9,Character,1p,cpg_demo_0819,26730,cpg_demo_0819
626558140458399832,Customer_Tenure_Years > 1.8,Customer_Tenure_Years,1.8,Character,1p,cpg_demo_0819,26730,cpg_demo_0819
626558140458399833,Customer_Tenure_Years > 5.6,Customer_Tenure_Years,5.6,Character,1p,cpg_demo_0819,26730,cpg_demo_0819
626558140458399834,Customer_Tenure_Years > 6.1,Customer_Tenure_Years,6.1,Character,1p,cpg_demo_0819,26730,cpg_demo_0819
626558140458399835,Customer_Tenure_Years > 17.1,Customer_Tenure_Years,17.1,Character,1p,cpg_demo_0819,26730,cpg_demo_0819
626558140458399836,Customer_Tenure_Years > 3.9,Customer_Tenure_Years,3.9,Character,1p,cpg_demo_0819,26730,cpg_demo_0819
626558140458399837,Customer_Tenure_Years > 1.5,Customer_Tenure_Years,1.5,Character,1p,cpg_demo_0819,26730,cpg_demo_0819
626558140458399838,Customer_Tenure_Years > 10.5,Customer_Tenure_Years,10.5,Character,1p,cpg_demo_0819,26730,cpg_demo_0819
626558140458399839,Customer_Tenure_Years > 0.5,Customer_Tenure_Years,0.5,Character,1p,cpg_demo_0819,26730,cpg_demo_0819
626558140458399840,Customer_Tenure_Years > 12.9,Customer_Tenure_Years,12.9,Character,1p,cpg_demo_0819,26730,cpg_demo_0819
626558140458399841,Customer_Tenure_Years > 6.8,Customer_Tenure_Years,6.8,Character,1p,cpg_demo_0819,26730,cpg_demo_0819
626558140458399842,Customer_Tenure_Years > 14.0,Customer_Tenure_Years,14.0,Character,1p,cpg_demo_0819,26730,cpg_demo_0819
626558140458399843,Customer_Tenure_Years > 13.3,Customer_Tenure_Years,13.3,Character,1p,cpg_demo_0819,26730,cpg_demo_0819
626558140458399844,Customer_Tenure_Years > 12.1,Customer_Tenure_Years,12.1,Character,1p,cpg_demo_0819,26730,cpg_demo_0819
626558140458399845,Customer_Tenure_Years > 0.1,Customer_Tenure_Years,0.1,Character,1p,cpg_demo_0819,26730,cpg_demo_0819
626558140458399846,Customer_Tenure_Years > 7.3,Customer_Tenure_Years,7.3,Character,1p,cpg_demo_0819,26730,cpg_demo_0819
626558140458399847,Customer_Tenure_Years > 10.7,Customer_Tenure_Years,10.7,Character,1p,cpg_demo_0819,26730,cpg_demo_0819
626558140458399848,Customer_Tenure_Years > 8.5,Customer_Tenure_Years,8.5,Character,1p,cpg_demo_0819,26730,cpg_demo_0819
626558140458399849,Customer_Tenure_Years > 11.3,Customer_Tenure_Years,11.3,Character,1p,cpg_demo_0819,26730,cpg_demo_0819
626558140458399850,Customer_Tenure_Years > 4.6,Customer_Tenure_Years,4.6,Character,1p,cpg_demo_0819,26730,cpg_demo_0819
626558140458399851,Customer_Tenure_Years > 15.1,Customer_Tenure_Years,15.1,Character,1p,cpg_demo_0819,26730,cpg_demo_0819
626558140458399852,Customer_Tenure_Years > 17.6,Customer_Tenure_Years,17.6,Character,1p,cpg_demo_0819,26730,cpg_demo_0819
626558140458399853,Customer_Tenure_Years > 17.3,Customer_Tenure_Years,17.3,Character,1p,cpg_demo_0819,26730,cpg_demo_0819
626558140458399854,Customer_Tenure_Years > 14.9,Customer_Tenure_Years,14.9,Character,1p,cpg_demo_0819,26730,cpg_demo_0819
626558140458399855,Customer_Tenure_Years > 1.3,Customer_Tenure_Years,1.3,Character,1p,cpg_demo_0819,26730,cpg_demo_0819
626558140458399856,Customer_Tenure_Years > 2.0,Customer_Tenure_Years,2.0,Character,1p,cpg_demo_0819,26730,cpg_demo_0819
626558140458399857,Customer_Tenure_Years > 6.2,Customer_Tenure_Years,6.2,Character,1p,cpg_demo_0819,26730,cpg_demo_0819
626558140458399858,Customer_Tenure_Years > 19.4,Customer_Tenure_Years,19.4,Character,1p,cpg_demo_0819,26730,cpg_demo_0819
626558140458399859,Customer_Tenure_Years > 18.0,Customer_Tenure_Years,18.0,Character,1p,cpg_demo_0819,26730,cpg_demo_0819
626558140458399860,Customer_Tenure_Years > 16.5,Customer_Tenure_Years,16.5,Character,1p,cpg_demo_0819,26730,cpg_demo_0819
626558140458399861,Customer_Tenure_Years > 9.1,Customer_Tenure_Years,9.1,Character,1p,cpg_demo_0819,26730,cpg_demo_0819
626558140458399862,Customer_Tenure_Years > 4.1,Customer_Tenure_Years,4.1,Character,1p,cpg_demo_0819,26730,cpg_demo_0819
626558140458399863,Customer_Tenure_Years > 12.8,Customer_Tenure_Years,12.8,Character,1p,cpg_demo_0819,26730,cpg_demo_0819
626558140458399864,Customer_Tenure_Years > 4.9,Customer_Tenure_Years,4.9,Character,1p,cpg_demo_0819,26730,cpg_demo_0819
626558140458399865,Customer_Tenure_Years > 16.6,Customer_Tenure_Years,16.6,Character,1p,cpg_demo_0819,26730,cpg_demo_0819
626558140458399866,Customer_Tenure_Years > 8.3,Customer_Tenure_Years,8.3,Character,1p,cpg_demo_0819,26730,cpg_demo_0819
626558140458399867,Customer_Tenure_Years > 20.0,Customer_Tenure_Years,20.0,Character,1p,cpg_demo_0819,26730,cpg_demo_0819
626558140458399868,Customer_Tenure_Years > 8.2,Customer_Tenure_Years,8.2,Character,1p,cpg_demo_0819,26730,cpg_demo_0819
626558140458399869,Customer_Tenure_Years > 2.6,Customer_Tenure_Years,2.6,Character,1p,cpg_demo_0819,26730,cpg_demo_0819
626558140458399870,Customer_Tenure_Years > 6.6,Customer_Tenure_Years,6.6,Character,1p,cpg_demo_0819,26730,cpg_demo_0819
626558140458399871,Customer_Tenure_Years > 19.8,Customer_Tenure_Years,19.8,Character,1p,cpg_demo_0819,26730,cpg_demo_0819
626558140458399872,Customer_Tenure_Years > 4.7,Customer_Tenure_Years,4.7,Character,1p,cpg_demo_0819,26730,cpg_demo_0819
626558140458399873,Customer_Tenure_Years > 2.7,Customer_Tenure_Years,2.7,Character,1p,cpg_demo_0819,26730,cpg_demo_0819
626558140458399874,Customer_Tenure_Years > 10.6,Customer_Tenure_Years,10.6,Character,1p,cpg_demo_0819,26730,cpg_demo_0819
626558140458399875,Customer_Tenure_Years > 9.0,Customer_Tenure_Years,9.0,Character,1p,cpg_demo_0819,26730,cpg_demo_0819
626558140458399876,Customer_Tenure_Years > 18.5,Customer_Tenure_Years,18.5,Character,1p,cpg_demo_0819,26730,cpg_demo_0819
626558140458399877,Customer_Tenure_Years > 18.1,Customer_Tenure_Years,18.1,Character,1p,cpg_demo_0819,26730,cpg_demo_0819
626558140458399878,Customer_Tenure_Years > 16.8,Customer_Tenure_Years,16.8,Character,1p,cpg_demo_0819,26730,cpg_demo_0819
626558140458399879,Customer_Tenure_Years > 19.1,Customer_Tenure_Years,19.1,Character,1p,cpg_demo_0819,26730,cpg_demo_0819
626558140458399880,Customer_Tenure_Years > 15.3,Customer_Tenure_Years,15.3,Character,1p,cpg_demo_0819,26730,cpg_demo_0819
626558140458399881,Customer_Tenure_Years > 16.3,Customer_Tenure_Years,16.3,Character,1p,cpg_demo_0819,26730,cpg_demo_0819
626558140458399882,Customer_Tenure_Years > 5.1,Customer_Tenure_Years,5.1,Character,1p,cpg_demo_0819,26730,cpg_demo_0819
626558140458399883,Customer_Tenure_Years > 12.3,Customer_Tenure_Years,12.3,Character,1p,cpg_demo_0819,26730,cpg_demo_0819
626558140458399884,Customer_Tenure_Years > 0.3,Customer_Tenure_Years,0.3,Character,1p,cpg_demo_0819,26730,cpg_demo_0819
626558140458399885,Customer_Tenure_Years > 6.5,Customer_Tenure_Years,6.5,Character,1p,cpg_demo_0819,26730,cpg_demo_0819
626558140458399886,Customer_Tenure_Years > 7.1,Customer_Tenure_Years,7.1,Character,1p,cpg_demo_0819,26730,cpg_demo_0819
626558140458399887,Customer_Tenure_Years > 10.0,Customer_Tenure_Years,10.0,Character,1p,cpg_demo_0819,26730,cpg_demo_0819
626558140458399888,Customer_Tenure_Years > 0.9,Customer_Tenure_Years,0.9,Character,1p,cpg_demo_0819,26730,cpg_demo_0819
626558140458399889,Customer_Tenure_Years > 8.7,Customer_Tenure_Years,8.7,Character,1p,cpg_demo_0819,26730,cpg_demo_0819
626558140458399890,Customer_Tenure_Years > 13.5,Customer_Tenure_Years,13.5,Character,1p,cpg_demo_0819,26730,cpg_demo_0819
626558140458399891,Customer_Tenure_Years > 16.9,Customer_Tenure_Years,16.9,Character,1p,cpg_demo_0819,26730,cpg_demo_0819
626558140458399892,Customer_Tenure_Years > 15.9,Customer_Tenure_Years,15.9,Character,1p,cpg_demo_0819,26730,cpg_demo_0819
626558140458399893,Customer_Tenure_Years > 11.9,Customer_Tenure_Years,11.9,Character,1p,cpg_demo_0819,26730,cpg_demo_0819
626558140458399894,Customer_Tenure_Years > 15.4,Customer_Tenure_Years,15.4,Character,1p,cpg_demo_0819,26730,cpg_demo_0819
626558140458399895,Customer_Tenure_Years > 7.6,Customer_Tenure_Years,7.6,Character,1p,cpg_demo_0819,26730,cpg_demo_0819
626558140458399896,Customer_Tenure_Years > 4.2,Customer_Tenure_Years,4.2,Character,1p,cpg_demo_0819,26730,cpg_demo_0819
626558140458399897,Customer_Tenure_Years > 12.7,Customer_Tenure_Years,12.7,Character,1p,cpg_demo_0819,26730,cpg_demo_0819
626558140458399898,Customer_Tenure_Years > 14.1,Customer_Tenure_Years,14.1,Character,1p,cpg_demo_0819,26730,cpg_demo_0819
626558140458399899,Customer_Tenure_Years > 11.2,Customer_Tenure_Years,11.2,Character,1p,cpg_demo_0819,26730,cpg_demo_0819
626558140458399900,Customer_Tenure_Years > 0.7,Customer_Tenure_Years,0.7,Character,1p,cpg_demo_0819,26730,cpg_demo_0819
626558140458399901,Customer_Tenure_Years > 18.7,Customer_Tenure_Years,18.7,Character,1p,cpg_demo_0819,26730,cpg_demo_0819
626558140458399902,Customer_Tenure_Years > 6.9,Customer_Tenure_Years,6.9,Character,1p,cpg_demo_0819,26730,cpg_demo_0819
626558140458399903,Customer_Tenure_Years > 16.4,Customer_Tenure_Years,16.4,Character,1p,cpg_demo_0819,26730,cpg_demo_0819
626558140458399904,Customer_Tenure_Years > 10.9,Customer_Tenure_Years,10.9,Character,1p,cpg_demo_0819,26730,cpg_demo_0819
626558140458399905,Customer_Tenure_Years > 3.6,Customer_Tenure_Years,3.6,Character,1p,cpg_demo_0819,26730,cpg_demo_0819
626558140458399906,Customer_Tenure_Years > 5.9,Customer_Tenure_Years,5.9,Character,1p,cpg_demo_0819,26730,cpg_demo_0819
626558140458399907,Customer_Tenure_Years > 9.3,Customer_Tenure_Years,9.3,Character,1p,cpg_demo_0819,26730,cpg_demo_0819
626558140458399908,Customer_Tenure_Years > 8.4,Customer_Tenure_Years,8.4,Character,1p,cpg_demo_0819,26730,cpg_demo_0819
626558140458399909,Customer_Tenure_Years > 1.1,Customer_Tenure_Years,1.1,Character,1p,cpg_demo_0819,26730,cpg_demo_0819
626558140458399910,Customer_Tenure_Years > 11.7,Customer_Tenure_Years,11.7,Character,1p,cpg_demo_0819,26730,cpg_demo_0819
626558140458399911,Customer_Tenure_Years > 4.4,Customer_Tenure_Years,4.4,Character,1p,cpg_demo_0819,26730,cpg_demo_0819
626558140458399912,Customer_Tenure_Years > 7.0,Customer_Tenure_Years,7.0,Character,1p,cpg_demo_0819,26730,cpg_demo_0819
626558140458399913,Customer_Tenure_Years > 13.9,Customer_Tenure_Years,13.9,Character,1p,cpg_demo_0819,26730,cpg_demo_0819
626558140458399914,Customer_Tenure_Years > 3.4,Customer_Tenure_Years,3.4,Character,1p,cpg_demo_0819,26730,cpg_demo_0819
626558140458399915,Customer_Tenure_Years > 13.2,Customer_Tenure_Years,13.2,Character,1p,cpg_demo_0819,26730,cpg_demo_0819
626558140458399916,Customer_Tenure_Years > 11.8,Customer_Tenure_Years,11.8,Character,1p,cpg_demo_0819,26730,cpg_demo_0819
626558140458399917,Customer_Tenure_Years > 7.2,Customer_Tenure_Years,7.2,Character,1p,cpg_demo_0819,26730,cpg_demo_0819
626558140458399918,Customer_Tenure_Years > 18.4,Customer_Tenure_Years,18.4,Character,1p,cpg_demo_0819,26730,cpg_demo_0819
626558140458399919,Customer_Tenure_Years > 0.8,Customer_Tenure_Years,0.8,Character,1p,cpg_demo_0819,26730,cpg_demo_0819
626558140458399920,Customer_Tenure_Years > 3.2,Customer_Tenure_Years,3.2,Character,1p,cpg_demo_0819,26730,cpg_demo_0819
626558140458399921,Customer_Tenure_Years > 11.0,Customer_Tenure_Years,11.0,Character,1p,cpg_demo_0819,26730,cpg_demo_0819
626558140458399922,Customer_Tenure_Years > 1.0,Customer_Tenure_Years,1.0,Character,1p,cpg_demo_0819,26730,cpg_demo_0819
626558140458399923,Customer_Tenure_Years > 4.0,Customer_Tenure_Years,4.0,Character,1p,cpg_demo_0819,26730,cpg_demo_0819
626558140458399924,Customer_Tenure_Years > 4.3,Customer_Tenure_Years,4.3,Character,1p,cpg_demo_0819,26730,cpg_demo_0819
626558140458399925,Customer_Tenure_Years > 10.4,Customer_Tenure_Years,10.4,Character,1p,cpg_demo_0819,26730,cpg_demo_0819
626558140458399926,Customer_Tenure_Years > 0.0,Customer_Tenure_Years,0.0,Character,1p,cpg_demo_0819,26730,cpg_demo_0819
626558140458399927,Customer_Tenure_Years > 6.0,Customer_Tenure_Years,6.0,Character,1p,cpg_demo_0819,26730,cpg_demo_0819
626558140458399928,Customer_Tenure_Years > 5.8,Customer_Tenure_Years,5.8,Character,1p,cpg_demo_0819,26730,cpg_demo_0819
626558140458399929,Customer_Tenure_Years > 3.0,Customer_Tenure_Years,3.0,Character,1p,cpg_demo_0819,26730,cpg_demo_0819
626558140458399930,Customer_Tenure_Years > 7.8,Customer_Tenure_Years,7.8,Character,1p,cpg_demo_0819,26730,cpg_demo_0819
626558140458399931,Customer_Tenure_Years > 7.7,Customer_Tenure_Years,7.7,Character,1p,cpg_demo_0819,26730,cpg_demo_0819
626558140458399932,Customer_Tenure_Years > 14.6,Customer_Tenure_Years,14.6,Character,1p,cpg_demo_0819,26730,cpg_demo_0819
626558140458399933,Customer_Tenure_Years > 3.8,Customer_Tenure_Years,3.8,Character,1p,cpg_demo_0819,26730,cpg_demo_0819
626558140458399934,Customer_Tenure_Years > 15.7,Customer_Tenure_Years,15.7,Character,1p,cpg_demo_0819,26730,cpg_demo_0819
626558140458399935,Customer_Tenure_Years > 8.6,Customer_Tenure_Years,8.6,Character,1p,cpg_demo_0819,26730,cpg_demo_0819
626558140458399936,Customer_Tenure_Years > 14.5,Customer_Tenure_Years,14.5,Character,1p,cpg_demo_0819,26730,cpg_demo_0819
626558140458399937,Customer_Tenure_Years > 17.8,Customer_Tenure_Years,17.8,Character,1p,cpg_demo_0819,26730,cpg_demo_0819
626558140458399938,Customer_Tenure_Years > 3.5,Customer_Tenure_Years,3.5,Character,1p,cpg_demo_0819,26730,cpg_demo_0819
626558140458399939,Customer_Tenure_Years > 18.3,Customer_Tenure_Years,18.3,Character,1p,cpg_demo_0819,26730,cpg_demo_0819
626558140458399940,Customer_Tenure_Years > 9.6,Customer_Tenure_Years,9.6,Character,1p,cpg_demo_0819,26730,cpg_demo_0819
626558140458399941,Customer_Tenure_Years > 9.4,Customer_Tenure_Years,9.4,Character,1p,cpg_demo_0819,26730,cpg_demo_0819
626558140458399942,Customer_Tenure_Years > 6.4,Customer_Tenure_Years,6.4,Character,1p,cpg_demo_0819,26730,cpg_demo_0819
626558140458399943,Customer_Tenure_Years > 2.3,Customer_Tenure_Years,2.3,Character,1p,cpg_demo_0819,26730,cpg_demo_0819
626558140458399944,Customer_Tenure_Years > 4.8,Customer_Tenure_Years,4.8,Character,1p,cpg_demo_0819,26730,cpg_demo_0819
626558140458399945,Customer_Tenure_Years > 7.5,Customer_Tenure_Years,7.5,Character,1p,cpg_demo_0819,26730,cpg_demo_0819
626558140458399946,Customer_Tenure_Years > 2.9,Customer_Tenure_Years,2.9,Character,1p,cpg_demo_0819,26730,cpg_demo_0819
626558140458399947,Customer_Tenure_Years > 0.6,Customer_Tenure_Years,0.6,Character,1p,cpg_demo_0819,26730,cpg_demo_0819
626558140458399948,Customer_Tenure_Years > 13.0,Customer_Tenure_Years,13.0,Character,1p,cpg_demo_0819,26730,cpg_demo_0819
626558140458399949,Customer_Tenure_Years > 12.5,Customer_Tenure_Years,12.5,Character,1p,cpg_demo_0819,26730,cpg_demo_0819
626558140458399950,Customer_Tenure_Years > 10.2,Customer_Tenure_Years,10.2,Character,1p,cpg_demo_0819,26730,cpg_demo_0819
626558140458403954,Fragrance_Purchase_Frequency > Monthly,Fragrance_Purchase_Frequency,Monthly,Character,1p,cpg_demo_0819,26730,cpg_demo_0819
626558140458403955,Fragrance_Purchase_Frequency > Rarely,Fragrance_Purchase_Frequency,Rarely,Character,1p,cpg_demo_0819,26730,cpg_demo_0819
626558140458403956,Fragrance_Purchase_Frequency > Never,Fragrance_Purchase_Frequency,Never,Character,1p,cpg_demo_0819,26730,cpg_demo_0819
626558140458403957,Fragrance_Purchase_Frequency > Quarterly,Fragrance_Purchase_Frequency,Quarterly,Character,1p,cpg_demo_0819,26730,cpg_demo_0819
626558140458403958,Fragrance_Purchase_Frequency > Weekly,Fragrance_Purchase_Frequency,Weekly,Character,1p,cpg_demo_0819,26730,cpg_demo_0819
626558140458403874,Number_Of_Children > 3,Number_Of_Children,3,Character,1p,cpg_demo_0819,26730,cpg_demo_0819
626558140458403875,Number_Of_Children > 1,Number_Of_Children,1,Character,1p,cpg_demo_0819,26730,cpg_demo_0819
626558140458403876,Number_Of_Children > 2,Number_Of_Children,2,Character,1p,cpg_demo_0819,26730,cpg_demo_0819
626558140458403877,Number_Of_Children > 5,Number_Of_Children,5,Character,1p,cpg_demo_0819,26730,cpg_demo_0819
626558140458403878,Number_Of_Children > 4,Number_Of_Children,4,Character,1p,cpg_demo_0819,26730,cpg_demo_0819
626558140458403879,Number_Of_Children > 0,Number_Of_Children,0,Character,1p,cpg_demo_0819,26730,cpg_demo_0819
626558140458402450,Serum_Purchase_Frequency > Monthly,Serum_Purchase_Frequency,Monthly,Character,1p,cpg_demo_0819,26730,cpg_demo_0819
626558140458402451,Serum_Purchase_Frequency > Rarely,Serum_Purchase_Frequency,Rarely,Character,1p,cpg_demo_0819,26730,cpg_demo_0819
626558140458402452,Serum_Purchase_Frequency > Never,Serum_Purchase_Frequency,Never,Character,1p,cpg_demo_0819,26730,cpg_demo_0819
626558140458402453,Serum_Purchase_Frequency > Quarterly,Serum_Purchase_Frequency,Quarterly,Character,1p,cpg_demo_0819,26730,cpg_demo_0819
626558140458402454,Serum_Purchase_Frequency > Weekly,Serum_Purchase_Frequency,Weekly,Character,1p,cpg_demo_0819,26730,cpg_demo_0819
626558140458402420,Beauty_Gift_Purchase_Occasion_Frequency > 3,Beauty_Gift_Purchase_Occasion_Frequency,3,Character,1p,cpg_demo_0819,26730,cpg_demo_0819
626558140458402421,Beauty_Gift_Purchase_Occasion_Frequency > 1,Beauty_Gift_Purchase_Occasion_Frequency,1,Character,1p,cpg_demo_0819,26730,cpg_demo_0819
626558140458402422,Beauty_Gift_Purchase_Occasion_Frequency > 2,Beauty_Gift_Purchase_Occasion_Frequency,2,Character,1p,cpg_demo_0819,26730,cpg_demo_0819
626558140458402423,Beauty_Gift_Purchase_Occasion_Frequency > 5,Beauty_Gift_Purchase_Occasion_Frequency,5,Character,1p,cpg_demo_0819,26730,cpg_demo_0819
626558140458402424,Beauty_Gift_Purchase_Occasion_Frequency > 4,Beauty_Gift_Purchase_Occasion_Frequency,4,Character,1p,cpg_demo_0819,26730,cpg_demo_0819
626558140458402425,Beauty_Gift_Purchase_Occasion_Frequency > 6,Beauty_Gift_Purchase_Occasion_Frequency,6,Character,1p,cpg_demo_0819,26730,cpg_demo_0819
626558140458402426,Beauty_Gift_Purchase_Occasion_Frequency > 0,Beauty_Gift_Purchase_Occasion_Frequency,0,Character,1p,cpg_demo_0819,26730,cpg_demo_0819
626558140458404063,Pet_Owner > N,Pet_Owner,N,Character,1p,cpg_demo_0819,26730,cpg_demo_0819
626558140458404064,Pet_Owner > Y,Pet_Owner,Y,Character,1p,cpg_demo_0819,26730,cpg_demo_0819
626558140458401829,Body_Care_Purchase_Frequency > Monthly,Body_Care_Purchase_Frequency,Monthly,Character,1p,cpg_demo_0819,26730,cpg_demo_0819
626558140458401830,Body_Care_Purchase_Frequency > Rarely,Body_Care_Purchase_Frequency,Rarely,Character,1p,cpg_demo_0819,26730,cpg_demo_0819
626558140458401831,Body_Care_Purchase_Frequency > Quarterly,Body_Care_Purchase_Frequency,Quarterly,Character,1p,cpg_demo_0819,26730,cpg_demo_0819
626558140458401832,Body_Care_Purchase_Frequency > Weekly,Body_Care_Purchase_Frequency,Weekly,Character,1p,cpg_demo_0819,26730,cpg_demo_0819
626558140458406050,Garnier_Purchase_History > N,Garnier_Purchase_History,N,Character,1p,cpg_demo_0819,26730,cpg_demo_0819
626558140458406051,Garnier_Purchase_History > Y,Garnier_Purchase_History,Y,Character,1p,cpg_demo_0819,26730,cpg_demo_0819
626558140458403979,Sunscreen_Usage_Frequency > WhenOutdoors,Sunscreen_Usage_Frequency,WhenOutdoors,Character,1p,cpg_demo_0819,26730,cpg_demo_0819
626558140458403980,Sunscreen_Usage_Frequency > Daily,Sunscreen_Usage_Frequency,Daily,Character,1p,cpg_demo_0819,26730,cpg_demo_0819
626558140458403981,Sunscreen_Usage_Frequency > Rarely,Sunscreen_Usage_Frequency,Rarely,Character,1p,cpg_demo_0819,26730,cpg_demo_0819
626558140458403982,Sunscreen_Usage_Frequency > Never,Sunscreen_Usage_Frequency,Never,Character,1p,cpg_demo_0819,26730,cpg_demo_0819
626558140458401911,Preferred_Contact_Time > Evening,Preferred_Contact_Time,Evening,Character,1p,cpg_demo_0819,26730,cpg_demo_0819
626558140458401912,Preferred_Contact_Time > Weekend,Preferred_Contact_Time,Weekend,Character,1p,cpg_demo_0819,26730,cpg_demo_0819
626558140458401913,Preferred_Contact_Time > Afternoon,Preferred_Contact_Time,Afternoon,Character,1p,cpg_demo_0819,26730,cpg_demo_0819
626558140458401914,Preferred_Contact_Time > Morning,Preferred_Contact_Time,Morning,Character,1p,cpg_demo_0819,26730,cpg_demo_0819
626558140458402427,Hair_Color_Category_Spend_Tier > Medium,Hair_Color_Category_Spend_Tier,Medium,Character,1p,cpg_demo_0819,26730,cpg_demo_0819
626558140458402428,Hair_Color_Category_Spend_Tier > Premium,Hair_Color_Category_Spend_Tier,Premium,Character,1p,cpg_demo_0819,26730,cpg_demo_0819
626558140458402429,Hair_Color_Category_Spend_Tier > Low,Hair_Color_Category_Spend_Tier,Low,Character,1p,cpg_demo_0819,26730,cpg_demo_0819
626558140458402430,Hair_Color_Category_Spend_Tier > High,Hair_Color_Category_Spend_Tier,High,Character,1p,cpg_demo_0819,26730,cpg_demo_0819
626558140458401951,Travel_Frequency > Rarely,Travel_Frequency,Rarely,Character,1p,cpg_demo_0819,26730,cpg_demo_0819
626558140458401952,Travel_Frequency > Never,Travel_Frequency,Never,Character,1p,cpg_demo_0819,26730,cpg_demo_0819
626558140458401953,Travel_Frequency > Occasionally,Travel_Frequency,Occasionally,Character,1p,cpg_demo_0819,26730,cpg_demo_0819
626558140458401954,Travel_Frequency > Frequently,Travel_Frequency,Frequently,Character,1p,cpg_demo_0819,26730,cpg_demo_0819
626558140458406274,Foundation_Category_Spend_Tier > Medium,Foundation_Category_Spend_Tier,Medium,Character,1p,cpg_demo_0819,26730,cpg_demo_0819
626558140458406275,Foundation_Category_Spend_Tier > Premium,Foundation_Category_Spend_Tier,Premium,Character,1p,cpg_demo_0819,26730,cpg_demo_0819
626558140458406276,Foundation_Category_Spend_Tier > Low,Foundation_Category_Spend_Tier,Low,Character,1p,cpg_demo_0819,26730,cpg_demo_0819
626558140458406277,Foundation_Category_Spend_Tier > High,Foundation_Category_Spend_Tier,High,Character,1p,cpg_demo_0819,26730,cpg_demo_0819
626558140458406370,Blush_Bronzer_Category_Purchase_Frequency > Monthly,Blush_Bronzer_Category_Purchase_Frequency,Monthly,Character,1p,cpg_demo_0819,26730,cpg_demo_0819
626558140458406371,Blush_Bronzer_Category_Purchase_Frequency > Rarely,Blush_Bronzer_Category_Purchase_Frequency,Rarely,Character,1p,cpg_demo_0819,26730,cpg_demo_0819
626558140458406372,Blush_Bronzer_Category_Purchase_Frequency > Never,Blush_Bronzer_Category_Purchase_Frequency,Never,Character,1p,cpg_demo_0819,26730,cpg_demo_0819
626558140458407936,Blush_Bronzer_Category_Purchase_Frequency > Quarterly,Blush_Bronzer_Category_Purchase_Frequency,Quarterly,Character,1p,cpg_demo_0819,26730,cpg_demo_0819
626558140458407937,Blush_Bronzer_Category_Purchase_Frequency > Weekly,Blush_Bronzer_Category_Purchase_Frequency,Weekly,Character,1p,cpg_demo_0819,26730,cpg_demo_0819
626558140458401947,QVC_HSN_Beauty_Shopper > N,QVC_HSN_Beauty_Shopper,N,Character,1p,cpg_demo_0819,26730,cpg_demo_0819
626558140458401948,QVC_HSN_Beauty_Shopper > Y,QVC_HSN_Beauty_Shopper,Y,Character,1p,cpg_demo_0819,26730,cpg_demo_0819
626558140458402545,Suncare_Purchase_Frequency > Monthly,Suncare_Purchase_Frequency,Monthly,Character,1p,cpg_demo_0819,26730,cpg_demo_0819
626558140458402546,Suncare_Purchase_Frequency > Rarely,Suncare_Purchase_Frequency,Rarely,Character,1p,cpg_demo_0819,26730,cpg_demo_0819
626558140458402547,Suncare_Purchase_Frequency > Never,Suncare_Purchase_Frequency,Never,Character,1p,cpg_demo_0819,26730,cpg_demo_0819
626558140458402548,Suncare_Purchase_Frequency > Quarterly,Suncare_Purchase_Frequency,Quarterly,Character,1p,cpg_demo_0819,26730,cpg_demo_0819
626558140458402549,Suncare_Purchase_Frequency > Weekly,Suncare_Purchase_Frequency,Weekly,Character,1p,cpg_demo_0819,26730,cpg_demo_0819
626558140458401969,Beauty_Fridge_Owner > N,Beauty_Fridge_Owner,N,Character,1p,cpg_demo_0819,26730,cpg_demo_0819
626558140458401970,Beauty_Fridge_Owner > Y,Beauty_Fridge_Owner,Y,Character,1p,cpg_demo_0819,26730,cpg_demo_0819
626558140458401792,Eyelash_Extension_User > N,Eyelash_Extension_User,N,Character,1p,cpg_demo_0819,26730,cpg_demo_0819
626558140458401793,Eyelash_Extension_User > Y,Eyelash_Extension_User,Y,Character,1p,cpg_demo_0819,26730,cpg_demo_0819
626558140458402446,User_Generated_Content_Creator > N,User_Generated_Content_Creator,N,Character,1p,cpg_demo_0819,26730,cpg_demo_0819
626558140458402447,User_Generated_Content_Creator > Y,User_Generated_Content_Creator,Y,Character,1p,cpg_demo_0819,26730,cpg_demo_0819
626558140458401936,Haircare_Spend_Tier > Medium,Haircare_Spend_Tier,Medium,Character,1p,cpg_demo_0819,26730,cpg_demo_0819
626558140458401937,Haircare_Spend_Tier > Premium,Haircare_Spend_Tier,Premium,Character,1p,cpg_demo_0819,26730,cpg_demo_0819
626558140458401938,Haircare_Spend_Tier > Low,Haircare_Spend_Tier,Low,Character,1p,cpg_demo_0819,26730,cpg_demo_0819
626558140458401939,Haircare_Spend_Tier > High,Haircare_Spend_Tier,High,Character,1p,cpg_demo_0819,26730,cpg_demo_0819
626558140458408049,Price_Sensitivity_Level > Medium,Price_Sensitivity_Level,Medium,Character,1p,cpg_demo_0819,26730,cpg_demo_0819
626558140458408050,Price_Sensitivity_Level > Low,Price_Sensitivity_Level,Low,Character,1p,cpg_demo_0819,26730,cpg_demo_0819
626558140458408051,Price_Sensitivity_Level > High,Price_Sensitivity_Level,High,Character,1p,cpg_demo_0819,26730,cpg_demo_0819
626558140458403904,Data_Sharing_Consent > N,Data_Sharing_Consent,N,Character,1p,cpg_demo_0819,26730,cpg_demo_0819
626558140458403905,Data_Sharing_Consent > Y,Data_Sharing_Consent,Y,Character,1p,cpg_demo_0819,26730,cpg_demo_0819
626558140458402448,Curly_Hair_Method_Follower > N,Curly_Hair_Method_Follower,N,Character,1p,cpg_demo_0819,26730,cpg_demo_0819
626558140458402449,Curly_Hair_Method_Follower > Y,Curly_Hair_Method_Follower,Y,Character,1p,cpg_demo_0819,26730,cpg_demo_0819
626558140458406003,Hair_Color_Frequency_Per_Year > 6,Hair_Color_Frequency_Per_Year,6,Character,1p,cpg_demo_0819,26730,cpg_demo_0819
626558140458406004,Hair_Color_Frequency_Per_Year > 3,Hair_Color_Frequency_Per_Year,3,Character,1p,cpg_demo_0819,26730,cpg_demo_0819
626558140458406005,Hair_Color_Frequency_Per_Year > 12,Hair_Color_Frequency_Per_Year,12,Character,1p,cpg_demo_0819,26730,cpg_demo_0819
626558140458406006,Hair_Color_Frequency_Per_Year > 1,Hair_Color_Frequency_Per_Year,1,Character,1p,cpg_demo_0819,26730,cpg_demo_0819
626558140458406007,Hair_Color_Frequency_Per_Year > 2,Hair_Color_Frequency_Per_Year,2,Character,1p,cpg_demo_0819,26730,cpg_demo_0819
626558140458406008,Hair_Color_Frequency_Per_Year > 5,Hair_Color_Frequency_Per_Year,5,Character,1p,cpg_demo_0819,26730,cpg_demo_0819
626558140458406009,Hair_Color_Frequency_Per_Year > 8,Hair_Color_Frequency_Per_Year,8,Character,1p,cpg_demo_0819,26730,cpg_demo_0819
626558140458406010,Hair_Color_Frequency_Per_Year > 11,Hair_Color_Frequency_Per_Year,11,Character,1p,cpg_demo_0819,26730,cpg_demo_0819
626558140458406011,Hair_Color_Frequency_Per_Year > 4,Hair_Color_Frequency_Per_Year,4,Character,1p,cpg_demo_0819,26730,cpg_demo_0819
626558140458406012,Hair_Color_Frequency_Per_Year > 9,Hair_Color_Frequency_Per_Year,9,Character,1p,cpg_demo_0819,26730,cpg_demo_0819
626558140458406013,Hair_Color_Frequency_Per_Year > 7,Hair_Color_Frequency_Per_Year,7,Character,1p,cpg_demo_0819,26730,cpg_demo_0819
626558140458406014,Hair_Color_Frequency_Per_Year > 10,Hair_Color_Frequency_Per_Year,10,Character,1p,cpg_demo_0819,26730,cpg_demo_0819
626558140458406015,Hair_Color_Frequency_Per_Year > 0,Hair_Color_Frequency_Per_Year,0,Character,1p,cpg_demo_0819,26730,cpg_demo_0819
626558140458401919,Coupon_Usage_Frequency > Rarely,Coupon_Usage_Frequency,Rarely,Character,1p,cpg_demo_0819,26730,cpg_demo_0819
626558140458401920,Coupon_Usage_Frequency > Always,Coupon_Usage_Frequency,Always,Character,1p,cpg_demo_0819,26730,cpg_demo_0819
626558140458401921,Coupon_Usage_Frequency > Never,Coupon_Usage_Frequency,Never,Character,1p,cpg_demo_0819,26730,cpg_demo_0819
626558140458401922,Coupon_Usage_Frequency > Sometimes,Coupon_Usage_Frequency,Sometimes,Character,1p,cpg_demo_0819,26730,cpg_demo_0819
626558140458401923,Coupon_Usage_Frequency > Often,Coupon_Usage_Frequency,Often,Character,1p,cpg_demo_0819,26730,cpg_demo_0819
626558140458399951,Education_Level > SomeCollege,Education_Level,SomeCollege,Character,1p,cpg_demo_0819,26730,cpg_demo_0819
626558140458399952,Education_Level > AssociateDegree,Education_Level,AssociateDegree,Character,1p,cpg_demo_0819,26730,cpg_demo_0819
626558140458399953,Education_Level > Bachelor,Education_Level,Bachelor,Character,1p,cpg_demo_0819,26730,cpg_demo_0819
626558140458399954,Education_Level > HighSchool,Education_Level,HighSchool,Character,1p,cpg_demo_0819,26730,cpg_demo_0819
626558140458399955,Education_Level > Master,Education_Level,Master,Character,1p,cpg_demo_0819,26730,cpg_demo_0819
626558140458399956,Education_Level > Doctorate,Education_Level,Doctorate,Character,1p,cpg_demo_0819,26730,cpg_demo_0819
626558140458408136,Beauty_Points_Balance_Tier > Medium,Beauty_Points_Balance_Tier,Medium,Character,1p,cpg_demo_0819,26730,cpg_demo_0819
626558140458408137,Beauty_Points_Balance_Tier > Low,Beauty_Points_Balance_Tier,Low,Character,1p,cpg_demo_0819,26730,cpg_demo_0819
626558140458408138,Beauty_Points_Balance_Tier > High,Beauty_Points_Balance_Tier,High,Character,1p,cpg_demo_0819,26730,cpg_demo_0819
626558140458403985,Color_Cosmetics_Shade_Range_Needed > Medium,Color_Cosmetics_Shade_Range_Needed,Medium,Character,1p,cpg_demo_0819,26730,cpg_demo_0819
626558140458403986,Color_Cosmetics_Shade_Range_Needed > Deep,Color_Cosmetics_Shade_Range_Needed,Deep,Character,1p,cpg_demo_0819,26730,cpg_demo_0819
626558140458403987,Color_Cosmetics_Shade_Range_Needed > Light,Color_Cosmetics_Shade_Range_Needed,Light,Character,1p,cpg_demo_0819,26730,cpg_demo_0819
626558140458403988,Color_Cosmetics_Shade_Range_Needed > Extended,Color_Cosmetics_Shade_Range_Needed,Extended,Character,1p,cpg_demo_0819,26730,cpg_demo_0819
626558140458403989,Color_Cosmetics_Shade_Range_Needed > Tan,Color_Cosmetics_Shade_Range_Needed,Tan,Character,1p,cpg_demo_0819,26730,cpg_demo_0819
626558140458403990,Color_Cosmetics_Shade_Range_Needed > Fair,Color_Cosmetics_Shade_Range_Needed,Fair,Character,1p,cpg_demo_0819,26730,cpg_demo_0819
626558140458401884,Travel_Size_Product_Preference > N,Travel_Size_Product_Preference,N,Character,1p,cpg_demo_0819,26730,cpg_demo_0819
626558140458401885,Travel_Size_Product_Preference > Y,Travel_Size_Product_Preference,Y,Character,1p,cpg_demo_0819,26730,cpg_demo_0819
626558140458404190,Preferred_Fragrance_Family > Oriental,Preferred_Fragrance_Family,Oriental,Character,1p,cpg_demo_0819,26730,cpg_demo_0819
626558140458404191,Preferred_Fragrance_Family > Floral,Preferred_Fragrance_Family,Floral,Character,1p,cpg_demo_0819,26730,cpg_demo_0819
626558140458404192,Preferred_Fragrance_Family > Citrus,Preferred_Fragrance_Family,Citrus,Character,1p,cpg_demo_0819,26730,cpg_demo_0819
626558140458404193,Preferred_Fragrance_Family > Gourmand,Preferred_Fragrance_Family,Gourmand,Character,1p,cpg_demo_0819,26730,cpg_demo_0819
626558140458404194,Preferred_Fragrance_Family > Fresh,Preferred_Fragrance_Family,Fresh,Character,1p,cpg_demo_0819,26730,cpg_demo_0819
626558140458404195,Preferred_Fragrance_Family > Woody,Preferred_Fragrance_Family,Woody,Character,1p,cpg_demo_0819,26730,cpg_demo_0819
626558140458403944,Beauty_Category_Discovery_Channel > Advertisement,Beauty_Category_Discovery_Channel,Advertisement,Character,1p,cpg_demo_0819,26730,cpg_demo_0819
626558140458403945,Beauty_Category_Discovery_Channel > SocialMedia,Beauty_Category_Discovery_Channel,SocialMedia,Character,1p,cpg_demo_0819,26730,cpg_demo_0819
626558140458403946,Beauty_Category_Discovery_Channel > SearchEngine,Beauty_Category_Discovery_Channel,SearchEngine,Character,1p,cpg_demo_0819,26730,cpg_demo_0819
626558140458403947,Beauty_Category_Discovery_Channel > InStore,Beauty_Category_Discovery_Channel,InStore,Character,1p,cpg_demo_0819,26730,cpg_demo_0819
626558140458403948,Beauty_Category_Discovery_Channel > Friend_Family,Beauty_Category_Discovery_Channel,Friend_Family,Character,1p,cpg_demo_0819,26730,cpg_demo_0819
626558140458403949,Beauty_Category_Discovery_Channel > Influencer,Beauty_Category_Discovery_Channel,Influencer,Character,1p,cpg_demo_0819,26730,cpg_demo_0819
626558140458404244,Beauty_Product_Unboxing_Content_Viewer > N,Beauty_Product_Unboxing_Content_Viewer,N,Character,1p,cpg_demo_0819,26730,cpg_demo_0819
626558140458404245,Beauty_Product_Unboxing_Content_Viewer > Y,Beauty_Product_Unboxing_Content_Viewer,Y,Character,1p,cpg_demo_0819,26730,cpg_demo_0819
626558140458399969,Return_Rate_Band > Medium,Return_Rate_Band,Medium,Character,1p,cpg_demo_0819,26730,cpg_demo_0819
626558140458399970,Return_Rate_Band > Low,Return_Rate_Band,Low,Character,1p,cpg_demo_0819,26730,cpg_demo_0819
626558140458399971,Return_Rate_Band > High,Return_Rate_Band,High,Character,1p,cpg_demo_0819,26730,cpg_demo_0819
626558140458402418,Beauty_SMS_Marketing_OptIn > N,Beauty_SMS_Marketing_OptIn,N,Character,1p,cpg_demo_0819,26730,cpg_demo_0819
626558140458402419,Beauty_SMS_Marketing_OptIn > Y,Beauty_SMS_Marketing_OptIn,Y,Character,1p,cpg_demo_0819,26730,cpg_demo_0819
626558140458402431,Men_Grooming_Product_Buyer > N,Men_Grooming_Product_Buyer,N,Character,1p,cpg_demo_0819,26730,cpg_demo_0819
626558140458402432,Men_Grooming_Product_Buyer > Y,Men_Grooming_Product_Buyer,Y,Character,1p,cpg_demo_0819,26730,cpg_demo_0819
626558140458404202,Hair_Styling_Category_Purchase_Frequency > Monthly,Hair_Styling_Category_Purchase_Frequency,Monthly,Character,1p,cpg_demo_0819,26730,cpg_demo_0819
626558140458404203,Hair_Styling_Category_Purchase_Frequency > Rarely,Hair_Styling_Category_Purchase_Frequency,Rarely,Character,1p,cpg_demo_0819,26730,cpg_demo_0819
626558140458404204,Hair_Styling_Category_Purchase_Frequency > Never,Hair_Styling_Category_Purchase_Frequency,Never,Character,1p,cpg_demo_0819,26730,cpg_demo_0819
626558140458404205,Hair_Styling_Category_Purchase_Frequency > Quarterly,Hair_Styling_Category_Purchase_Frequency,Quarterly,Character,1p,cpg_demo_0819,26730,cpg_demo_0819
626558140458404206,Hair_Styling_Category_Purchase_Frequency > Weekly,Hair_Styling_Category_Purchase_Frequency,Weekly,Character,1p,cpg_demo_0819,26730,cpg_demo_0819
626558140458406280,Streaming_Service_Subscriber > N,Streaming_Service_Subscriber,N,Character,1p,cpg_demo_0819,26730,cpg_demo_0819
626558140458406281,Streaming_Service_Subscriber > Y,Streaming_Service_Subscriber,Y,Character,1p,cpg_demo_0819,26730,cpg_demo_0819
626558140458406229,SkinCeuticals_Purchase_History > N,SkinCeuticals_Purchase_History,N,Character,1p,cpg_demo_0819,26730,cpg_demo_0819
626558140458406230,SkinCeuticals_Purchase_History > Y,SkinCeuticals_Purchase_History,Y,Character,1p,cpg_demo_0819,26730,cpg_demo_0819
626558140458403950,Sensitive_Scalp_Product_User > N,Sensitive_Scalp_Product_User,N,Character,1p,cpg_demo_0819,26730,cpg_demo_0819
626558140458403951,Sensitive_Scalp_Product_User > Y,Sensitive_Scalp_Product_User,Y,Character,1p,cpg_demo_0819,26730,cpg_demo_0819
626558140458401825,Beauty_App_User > N,Beauty_App_User,N,Character,1p,cpg_demo_0819,26730,cpg_demo_0819
626558140458401826,Beauty_App_User > Y,Beauty_App_User,Y,Character,1p,cpg_demo_0819,26730,cpg_demo_0819
626558140458401860,Bath_Products_Spend_Tier > Medium,Bath_Products_Spend_Tier,Medium,Character,1p,cpg_demo_0819,26730,cpg_demo_0819
626558140458401861,Bath_Products_Spend_Tier > Premium,Bath_Products_Spend_Tier,Premium,Character,1p,cpg_demo_0819,26730,cpg_demo_0819
626558140458401862,Bath_Products_Spend_Tier > Low,Bath_Products_Spend_Tier,Low,Character,1p,cpg_demo_0819,26730,cpg_demo_0819
626558140458401863,Bath_Products_Spend_Tier > High,Bath_Products_Spend_Tier,High,Character,1p,cpg_demo_0819,26730,cpg_demo_0819
626558140458402501,K_Beauty_Trend_Follower > N,K_Beauty_Trend_Follower,N,Character,1p,cpg_demo_0819,26730,cpg_demo_0819
626558140458402502,K_Beauty_Trend_Follower > Y,K_Beauty_Trend_Follower,Y,Character,1p,cpg_demo_0819,26730,cpg_demo_0819
626558140458403894,Generation_Cohort > GenX,Generation_Cohort,GenX,Character,1p,cpg_demo_0819,26730,cpg_demo_0819
626558140458403895,Generation_Cohort > Millennial,Generation_Cohort,Millennial,Character,1p,cpg_demo_0819,26730,cpg_demo_0819
626558140458403896,Generation_Cohort > GenZ,Generation_Cohort,GenZ,Character,1p,cpg_demo_0819,26730,cpg_demo_0819
626558140458403897,Generation_Cohort > Silent,Generation_Cohort,Silent,Character,1p,cpg_demo_0819,26730,cpg_demo_0819
626558140458403898,Generation_Cohort > BabyBoomer,Generation_Cohort,BabyBoomer,Character,1p,cpg_demo_0819,26730,cpg_demo_0819
626558140458406269,Marital_Status_Detail > Married,Marital_Status_Detail,Married,Character,1p,cpg_demo_0819,26730,cpg_demo_0819
626558140458406270,Marital_Status_Detail > Single,Marital_Status_Detail,Single,Character,1p,cpg_demo_0819,26730,cpg_demo_0819
626558140458406271,Marital_Status_Detail > Partnered,Marital_Status_Detail,Partnered,Character,1p,cpg_demo_0819,26730,cpg_demo_0819
626558140458406272,Marital_Status_Detail > Widowed,Marital_Status_Detail,Widowed,Character,1p,cpg_demo_0819,26730,cpg_demo_0819
626558140458406273,Marital_Status_Detail > Divorced,Marital_Status_Detail,Divorced,Character,1p,cpg_demo_0819,26730,cpg_demo_0819
626558140458401965,Keratin_Treatment_User > N,Keratin_Treatment_User,N,Character,1p,cpg_demo_0819,26730,cpg_demo_0819
626558140458401966,Keratin_Treatment_User > Y,Keratin_Treatment_User,Y,Character,1p,cpg_demo_0819,26730,cpg_demo_0819
626558140458406097,Sample_Request_Frequency > Rarely,Sample_Request_Frequency,Rarely,Character,1p,cpg_demo_0819,26730,cpg_demo_0819
626558140458406098,Sample_Request_Frequency > Never,Sample_Request_Frequency,Never,Character,1p,cpg_demo_0819,26730,cpg_demo_0819
626558140458406099,Sample_Request_Frequency > Occasionally,Sample_Request_Frequency,Occasionally,Character,1p,cpg_demo_0819,26730,cpg_demo_0819
626558140458406100,Sample_Request_Frequency > Frequently,Sample_Request_Frequency,Frequently,Character,1p,cpg_demo_0819,26730,cpg_demo_0819
626558140458408123,Preferred_Payment_Method > CreditCard,Preferred_Payment_Method,CreditCard,Character,1p,cpg_demo_0819,26730,cpg_demo_0819
626558140458408124,Preferred_Payment_Method > PayPal,Preferred_Payment_Method,PayPal,Character,1p,cpg_demo_0819,26730,cpg_demo_0819
626558140458408125,Preferred_Payment_Method > MobileWallet,Preferred_Payment_Method,MobileWallet,Character,1p,cpg_demo_0819,26730,cpg_demo_0819
626558140458408126,Preferred_Payment_Method > BuyNowPayLater,Preferred_Payment_Method,BuyNowPayLater,Character,1p,cpg_demo_0819,26730,cpg_demo_0819
626558140458408127,Preferred_Payment_Method > Cash,Preferred_Payment_Method,Cash,Character,1p,cpg_demo_0819,26730,cpg_demo_0819
626558140458408128,Preferred_Payment_Method > DebitCard,Preferred_Payment_Method,DebitCard,Character,1p,cpg_demo_0819,26730,cpg_demo_0819
626558140458406114,Ambre_Solaire_Preference_Score > 3,Ambre_Solaire_Preference_Score,3,Character,1p,cpg_demo_0819,26730,cpg_demo_0819
626558140458406115,Ambre_Solaire_Preference_Score > 1,Ambre_Solaire_Preference_Score,1,Character,1p,cpg_demo_0819,26730,cpg_demo_0819
626558140458406116,Ambre_Solaire_Preference_Score > 2,Ambre_Solaire_Preference_Score,2,Character,1p,cpg_demo_0819,26730,cpg_demo_0819
626558140458406117,Ambre_Solaire_Preference_Score > 5,Ambre_Solaire_Preference_Score,5,Character,1p,cpg_demo_0819,26730,cpg_demo_0819
626558140458406118,Ambre_Solaire_Preference_Score > 8,Ambre_Solaire_Preference_Score,8,Character,1p,cpg_demo_0819,26730,cpg_demo_0819
626558140458406119,Ambre_Solaire_Preference_Score > 4,Ambre_Solaire_Preference_Score,4,Character,1p,cpg_demo_0819,26730,cpg_demo_0819
626558140458406120,Ambre_Solaire_Preference_Score > 9,Ambre_Solaire_Preference_Score,9,Character,1p,cpg_demo_0819,26730,cpg_demo_0819
626558140458406121,Ambre_Solaire_Preference_Score > 10,Ambre_Solaire_Preference_Score,10,Character,1p,cpg_demo_0819,26730,cpg_demo_0819
626558140458406122,Ambre_Solaire_Preference_Score > 6,Ambre_Solaire_Preference_Score,6,Character,1p,cpg_demo_0819,26730,cpg_demo_0819
626558140458406123,Ambre_Solaire_Preference_Score > 7,Ambre_Solaire_Preference_Score,7,Character,1p,cpg_demo_0819,26730,cpg_demo_0819
626558140458406278,Beauty_Product_Expiry_Tracking_App_User > N,Beauty_Product_Expiry_Tracking_App_User,N,Character,1p,cpg_demo_0819,26730,cpg_demo_0819
626558140458406279,Beauty_Product_Expiry_Tracking_App_User > Y,Beauty_Product_Expiry_Tracking_App_User,Y,Character,1p,cpg_demo_0819,26730,cpg_demo_0819
626558140458406322,Bridal_Beauty_Service_Interest > N,Bridal_Beauty_Service_Interest,N,Character,1p,cpg_demo_0819,26730,cpg_demo_0819
626558140458406323,Bridal_Beauty_Service_Interest > Y,Bridal_Beauty_Service_Interest,Y,Character,1p,cpg_demo_0819,26730,cpg_demo_0819
626558140458402013,Beauty_Ingredient_Research_Behavior > Rarely,Beauty_Ingredient_Research_Behavior,Rarely,Character,1p,cpg_demo_0819,26730,cpg_demo_0819
626558140458402014,Beauty_Ingredient_Research_Behavior > Always,Beauty_Ingredient_Research_Behavior,Always,Character,1p,cpg_demo_0819,26730,cpg_demo_0819
626558140458402015,Beauty_Ingredient_Research_Behavior > Never,Beauty_Ingredient_Research_Behavior,Never,Character,1p,cpg_demo_0819,26730,cpg_demo_0819
626558140458402016,Beauty_Ingredient_Research_Behavior > Sometimes,Beauty_Ingredient_Research_Behavior,Sometimes,Character,1p,cpg_demo_0819,26730,cpg_demo_0819
626558140458401975,Gym_Membership_Holder > N,Gym_Membership_Holder,N,Character,1p,cpg_demo_0819,26730,cpg_demo_0819
626558140458401976,Gym_Membership_Holder > Y,Gym_Membership_Holder,Y,Character,1p,cpg_demo_0819,26730,cpg_demo_0819
626558140458406054,Skincare_Routine_Step_Count > 3,Skincare_Routine_Step_Count,3,Character,1p,cpg_demo_0819,26730,cpg_demo_0819
626558140458406055,Skincare_Routine_Step_Count > 1,Skincare_Routine_Step_Count,1,Character,1p,cpg_demo_0819,26730,cpg_demo_0819
626558140458406056,Skincare_Routine_Step_Count > 2,Skincare_Routine_Step_Count,2,Character,1p,cpg_demo_0819,26730,cpg_demo_0819
626558140458406057,Skincare_Routine_Step_Count > 5,Skincare_Routine_Step_Count,5,Character,1p,cpg_demo_0819,26730,cpg_demo_0819
626558140458406058,Skincare_Routine_Step_Count > 8,Skincare_Routine_Step_Count,8,Character,1p,cpg_demo_0819,26730,cpg_demo_0819
626558140458406059,Skincare_Routine_Step_Count > 4,Skincare_Routine_Step_Count,4,Character,1p,cpg_demo_0819,26730,cpg_demo_0819
626558140458406060,Skincare_Routine_Step_Count > 9,Skincare_Routine_Step_Count,9,Character,1p,cpg_demo_0819,26730,cpg_demo_0819
626558140458406061,Skincare_Routine_Step_Count > 10,Skincare_Routine_Step_Count,10,Character,1p,cpg_demo_0819,26730,cpg_demo_0819
626558140458406062,Skincare_Routine_Step_Count > 6,Skincare_Routine_Step_Count,6,Character,1p,cpg_demo_0819,26730,cpg_demo_0819
626558140458406063,Skincare_Routine_Step_Count > 7,Skincare_Routine_Step_Count,7,Character,1p,cpg_demo_0819,26730,cpg_demo_0819
626558140458404260,LED_Skincare_Device_Owner > N,LED_Skincare_Device_Owner,N,Character,1p,cpg_demo_0819,26730,cpg_demo_0819
626558140458404261,LED_Skincare_Device_Owner > Y,LED_Skincare_Device_Owner,Y,Character,1p,cpg_demo_0819,26730,cpg_demo_0819
626558140458408056,Charitable_Giving_Frequency > Rarely,Charitable_Giving_Frequency,Rarely,Character,1p,cpg_demo_0819,26730,cpg_demo_0819
626558140458408057,Charitable_Giving_Frequency > Never,Charitable_Giving_Frequency,Never,Character,1p,cpg_demo_0819,26730,cpg_demo_0819
626558140458408058,Charitable_Giving_Frequency > Occasionally,Charitable_Giving_Frequency,Occasionally,Character,1p,cpg_demo_0819,26730,cpg_demo_0819
626558140458408059,Charitable_Giving_Frequency > Frequently,Charitable_Giving_Frequency,Frequently,Character,1p,cpg_demo_0819,26730,cpg_demo_0819
626558140458402021,Days_Since_Last_Purchase > 141,Days_Since_Last_Purchase,141,Character,1p,cpg_demo_0819,26730,cpg_demo_0819
626558140458402022,Days_Since_Last_Purchase > 76,Days_Since_Last_Purchase,76,Character,1p,cpg_demo_0819,26730,cpg_demo_0819
626558140458402023,Days_Since_Last_Purchase > 154,Days_Since_Last_Purchase,154,Character,1p,cpg_demo_0819,26730,cpg_demo_0819
626558140458402024,Days_Since_Last_Purchase > 279,Days_Since_Last_Purchase,279,Character,1p,cpg_demo_0819,26730,cpg_demo_0819
626558140458402025,Days_Since_Last_Purchase > 338,Days_Since_Last_Purchase,338,Character,1p,cpg_demo_0819,26730,cpg_demo_0819
626558140458402026,Days_Since_Last_Purchase > 258,Days_Since_Last_Purchase,258,Character,1p,cpg_demo_0819,26730,cpg_demo_0819
626558140458402027,Days_Since_Last_Purchase > 190,Days_Since_Last_Purchase,190,Character,1p,cpg_demo_0819,26730,cpg_demo_0819
626558140458402028,Days_Since_Last_Purchase > 220,Days_Since_Last_Purchase,220,Character,1p,cpg_demo_0819,26730,cpg_demo_0819
626558140458402029,Days_Since_Last_Purchase > 192,Days_Since_Last_Purchase,192,Character,1p,cpg_demo_0819,26730,cpg_demo_0819
626558140458402030,Days_Since_Last_Purchase > 103,Days_Since_Last_Purchase,103,Character,1p,cpg_demo_0819,26730,cpg_demo_0819
626558140458402031,Days_Since_Last_Purchase > 172,Days_Since_Last_Purchase,172,Character,1p,cpg_demo_0819,26730,cpg_demo_0819
626558140458402032,Days_Since_Last_Purchase > 231,Days_Since_Last_Purchase,231,Character,1p,cpg_demo_0819,26730,cpg_demo_0819
626558140458402033,Days_Since_Last_Purchase > 201,Days_Since_Last_Purchase,201,Character,1p,cpg_demo_0819,26730,cpg_demo_0819
626558140458402034,Days_Since_Last_Purchase > 51,Days_Since_Last_Purchase,51,Character,1p,cpg_demo_0819,26730,cpg_demo_0819
626558140458402035,Days_Since_Last_Purchase > 78,Days_Since_Last_Purchase,78,Character,1p,cpg_demo_0819,26730,cpg_demo_0819
626558140458402036,Days_Since_Last_Purchase > 237,Days_Since_Last_Purchase,237,Character,1p,cpg_demo_0819,26730,cpg_demo_0819
626558140458402037,Days_Since_Last_Purchase > 178,Days_Since_Last_Purchase,178,Character,1p,cpg_demo_0819,26730,cpg_demo_0819
626558140458402038,Days_Since_Last_Purchase > 216,Days_Since_Last_Purchase,216,Character,1p,cpg_demo_0819,26730,cpg_demo_0819
626558140458402039,Days_Since_Last_Purchase > 320,Days_Since_Last_Purchase,320,Character,1p,cpg_demo_0819,26730,cpg_demo_0819
626558140458402040,Days_Since_Last_Purchase > 245,Days_Since_Last_Purchase,245,Character,1p,cpg_demo_0819,26730,cpg_demo_0819
626558140458402041,Days_Since_Last_Purchase > 0,Days_Since_Last_Purchase,0,Character,1p,cpg_demo_0819,26730,cpg_demo_0819
626558140458402042,Days_Since_Last_Purchase > 163,Days_Since_Last_Purchase,163,Character,1p,cpg_demo_0819,26730,cpg_demo_0819
626558140458402043,Days_Since_Last_Purchase > 334,Days_Since_Last_Purchase,334,Character,1p,cpg_demo_0819,26730,cpg_demo_0819
626558140458402044,Days_Since_Last_Purchase > 3,Days_Since_Last_Purchase,3,Character,1p,cpg_demo_0819,26730,cpg_demo_0819
626558140458402045,Days_Since_Last_Purchase > 224,Days_Since_Last_Purchase,224,Character,1p,cpg_demo_0819,26730,cpg_demo_0819
626558140458402046,Days_Since_Last_Purchase > 62,Days_Since_Last_Purchase,62,Character,1p,cpg_demo_0819,26730,cpg_demo_0819
626558140458402047,Days_Since_Last_Purchase > 232,Days_Since_Last_Purchase,232,Character,1p,cpg_demo_0819,26730,cpg_demo_0819
626558140458402048,Days_Since_Last_Purchase > 45,Days_Since_Last_Purchase,45,Character,1p,cpg_demo_0819,26730,cpg_demo_0819
626558140458402049,Days_Since_Last_Purchase > 328,Days_Since_Last_Purchase,328,Character,1p,cpg_demo_0819,26730,cpg_demo_0819
626558140458402050,Days_Since_Last_Purchase > 235,Days_Since_Last_Purchase,235,Character,1p,cpg_demo_0819,26730,cpg_demo_0819
626558140458402051,Days_Since_Last_Purchase > 256,Days_Since_Last_Purchase,256,Character,1p,cpg_demo_0819,26730,cpg_demo_0819
626558140458402052,Days_Since_Last_Purchase > 227,Days_Since_Last_Purchase,227,Character,1p,cpg_demo_0819,26730,cpg_demo_0819
626558140458402053,Days_Since_Last_Purchase > 329,Days_Since_Last_Purchase,329,Character,1p,cpg_demo_0819,26730,cpg_demo_0819
626558140458402054,Days_Since_Last_Purchase > 42,Days_Since_Last_Purchase,42,Character,1p,cpg_demo_0819,26730,cpg_demo_0819
626558140458402055,Days_Since_Last_Purchase > 22,Days_Since_Last_Purchase,22,Character,1p,cpg_demo_0819,26730,cpg_demo_0819
626558140458402056,Days_Since_Last_Purchase > 102,Days_Since_Last_Purchase,102,Character,1p,cpg_demo_0819,26730,cpg_demo_0819
626558140458402057,Days_Since_Last_Purchase > 73,Days_Since_Last_Purchase,73,Character,1p,cpg_demo_0819,26730,cpg_demo_0819
626558140458402058,Days_Since_Last_Purchase > 84,Days_Since_Last_Purchase,84,Character,1p,cpg_demo_0819,26730,cpg_demo_0819
626558140458402059,Days_Since_Last_Purchase > 75,Days_Since_Last_Purchase,75,Character,1p,cpg_demo_0819,26730,cpg_demo_0819
626558140458402060,Days_Since_Last_Purchase > 274,Days_Since_Last_Purchase,274,Character,1p,cpg_demo_0819,26730,cpg_demo_0819
626558140458402061,Days_Since_Last_Purchase > 331,Days_Since_Last_Purchase,331,Character,1p,cpg_demo_0819,26730,cpg_demo_0819
626558140458402062,Days_Since_Last_Purchase > 69,Days_Since_Last_Purchase,69,Character,1p,cpg_demo_0819,26730,cpg_demo_0819
626558140458402063,Days_Since_Last_Purchase > 126,Days_Since_Last_Purchase,126,Character,1p,cpg_demo_0819,26730,cpg_demo_0819
626558140458402064,Days_Since_Last_Purchase > 270,Days_Since_Last_Purchase,270,Character,1p,cpg_demo_0819,26730,cpg_demo_0819
626558140458402065,Days_Since_Last_Purchase > 118,Days_Since_Last_Purchase,118,Character,1p,cpg_demo_0819,26730,cpg_demo_0819
626558140458402066,Days_Since_Last_Purchase > 55,Days_Since_Last_Purchase,55,Character,1p,cpg_demo_0819,26730,cpg_demo_0819
626558140458402067,Days_Since_Last_Purchase > 29,Days_Since_Last_Purchase,29,Character,1p,cpg_demo_0819,26730,cpg_demo_0819
626558140458402068,Days_Since_Last_Purchase > 1,Days_Since_Last_Purchase,1,Character,1p,cpg_demo_0819,26730,cpg_demo_0819
626558140458402069,Days_Since_Last_Purchase > 322,Days_Since_Last_Purchase,322,Character,1p,cpg_demo_0819,26730,cpg_demo_0819
626558140458402070,Days_Since_Last_Purchase > 30,Days_Since_Last_Purchase,30,Character,1p,cpg_demo_0819,26730,cpg_demo_0819
626558140458402071,Days_Since_Last_Purchase > 300,Days_Since_Last_Purchase,300,Character,1p,cpg_demo_0819,26730,cpg_demo_0819
626558140458402072,Days_Since_Last_Purchase > 32,Days_Since_Last_Purchase,32,Character,1p,cpg_demo_0819,26730,cpg_demo_0819
626558140458402073,Days_Since_Last_Purchase > 11,Days_Since_Last_Purchase,11,Character,1p,cpg_demo_0819,26730,cpg_demo_0819
626558140458402074,Days_Since_Last_Purchase > 314,Days_Since_Last_Purchase,314,Character,1p,cpg_demo_0819,26730,cpg_demo_0819
626558140458402075,Days_Since_Last_Purchase > 85,Days_Since_Last_Purchase,85,Character,1p,cpg_demo_0819,26730,cpg_demo_0819
626558140458402076,Days_Since_Last_Purchase > 241,Days_Since_Last_Purchase,241,Character,1p,cpg_demo_0819,26730,cpg_demo_0819
626558140458402077,Days_Since_Last_Purchase > 147,Days_Since_Last_Purchase,147,Character,1p,cpg_demo_0819,26730,cpg_demo_0819
626558140458402078,Days_Since_Last_Purchase > 124,Days_Since_Last_Purchase,124,Character,1p,cpg_demo_0819,26730,cpg_demo_0819
626558140458402079,Days_Since_Last_Purchase > 83,Days_Since_Last_Purchase,83,Character,1p,cpg_demo_0819,26730,cpg_demo_0819
626558140458402080,Days_Since_Last_Purchase > 359,Days_Since_Last_Purchase,359,Character,1p,cpg_demo_0819,26730,cpg_demo_0819
626558140458402081,Days_Since_Last_Purchase > 31,Days_Since_Last_Purchase,31,Character,1p,cpg_demo_0819,26730,cpg_demo_0819
626558140458402082,Days_Since_Last_Purchase > 168,Days_Since_Last_Purchase,168,Character,1p,cpg_demo_0819,26730,cpg_demo_0819
626558140458402083,Days_Since_Last_Purchase > 170,Days_Since_Last_Purchase,170,Character,1p,cpg_demo_0819,26730,cpg_demo_0819
626558140458402084,Days_Since_Last_Purchase > 105,Days_Since_Last_Purchase,105,Character,1p,cpg_demo_0819,26730,cpg_demo_0819
626558140458402085,Days_Since_Last_Purchase > 68,Days_Since_Last_Purchase,68,Character,1p,cpg_demo_0819,26730,cpg_demo_0819
626558140458402086,Days_Since_Last_Purchase > 113,Days_Since_Last_Purchase,113,Character,1p,cpg_demo_0819,26730,cpg_demo_0819
626558140458402087,Days_Since_Last_Purchase > 61,Days_Since_Last_Purchase,61,Character,1p,cpg_demo_0819,26730,cpg_demo_0819
626558140458402088,Days_Since_Last_Purchase > 298,Days_Since_Last_Purchase,298,Character,1p,cpg_demo_0819,26730,cpg_demo_0819
626558140458402089,Days_Since_Last_Purchase > 194,Days_Since_Last_Purchase,194,Character,1p,cpg_demo_0819,26730,cpg_demo_0819
626558140458402090,Days_Since_Last_Purchase > 364,Days_Since_Last_Purchase,364,Character,1p,cpg_demo_0819,26730,cpg_demo_0819
626558140458402091,Days_Since_Last_Purchase > 23,Days_Since_Last_Purchase,23,Character,1p,cpg_demo_0819,26730,cpg_demo_0819
626558140458402092,Days_Since_Last_Purchase > 203,Days_Since_Last_Purchase,203,Character,1p,cpg_demo_0819,26730,cpg_demo_0819
626558140458402093,Days_Since_Last_Purchase > 130,Days_Since_Last_Purchase,130,Character,1p,cpg_demo_0819,26730,cpg_demo_0819
626558140458402094,Days_Since_Last_Purchase > 109,Days_Since_Last_Purchase,109,Character,1p,cpg_demo_0819,26730,cpg_demo_0819
626558140458402095,Days_Since_Last_Purchase > 263,Days_Since_Last_Purchase,263,Character,1p,cpg_demo_0819,26730,cpg_demo_0819
626558140458402096,Days_Since_Last_Purchase > 260,Days_Since_Last_Purchase,260,Character,1p,cpg_demo_0819,26730,cpg_demo_0819
626558140458402097,Days_Since_Last_Purchase > 143,Days_Since_Last_Purchase,143,Character,1p,cpg_demo_0819,26730,cpg_demo_0819
626558140458402098,Days_Since_Last_Purchase > 198,Days_Since_Last_Purchase,198,Character,1p,cpg_demo_0819,26730,cpg_demo_0819
626558140458402099,Days_Since_Last_Purchase > 204,Days_Since_Last_Purchase,204,Character,1p,cpg_demo_0819,26730,cpg_demo_0819
626558140458402100,Days_Since_Last_Purchase > 70,Days_Since_Last_Purchase,70,Character,1p,cpg_demo_0819,26730,cpg_demo_0819
626558140458402101,Days_Since_Last_Purchase > 187,Days_Since_Last_Purchase,187,Character,1p,cpg_demo_0819,26730,cpg_demo_0819
626558140458402102,Days_Since_Last_Purchase > 278,Days_Since_Last_Purchase,278,Character,1p,cpg_demo_0819,26730,cpg_demo_0819
626558140458402103,Days_Since_Last_Purchase > 255,Days_Since_Last_Purchase,255,Character,1p,cpg_demo_0819,26730,cpg_demo_0819
626558140458402104,Days_Since_Last_Purchase > 252,Days_Since_Last_Purchase,252,Character,1p,cpg_demo_0819,26730,cpg_demo_0819
626558140458402105,Days_Since_Last_Purchase > 336,Days_Since_Last_Purchase,336,Character,1p,cpg_demo_0819,26730,cpg_demo_0819
626558140458402106,Days_Since_Last_Purchase > 27,Days_Since_Last_Purchase,27,Character,1p,cpg_demo_0819,26730,cpg_demo_0819
626558140458402107,Days_Since_Last_Purchase > 157,Days_Since_Last_Purchase,157,Character,1p,cpg_demo_0819,26730,cpg_demo_0819
626558140458402108,Days_Since_Last_Purchase > 179,Days_Since_Last_Purchase,179,Character,1p,cpg_demo_0819,26730,cpg_demo_0819
626558140458402109,Days_Since_Last_Purchase > 50,Days_Since_Last_Purchase,50,Character,1p,cpg_demo_0819,26730,cpg_demo_0819
626558140458402110,Days_Since_Last_Purchase > 332,Days_Since_Last_Purchase,332,Character,1p,cpg_demo_0819,26730,cpg_demo_0819
626558140458402111,Days_Since_Last_Purchase > 110,Days_Since_Last_Purchase,110,Character,1p,cpg_demo_0819,26730,cpg_demo_0819
626558140458402112,Days_Since_Last_Purchase > 207,Days_Since_Last_Purchase,207,Character,1p,cpg_demo_0819,26730,cpg_demo_0819
626558140458402113,Days_Since_Last_Purchase > 150,Days_Since_Last_Purchase,150,Character,1p,cpg_demo_0819,26730,cpg_demo_0819
626558140458402114,Days_Since_Last_Purchase > 94,Days_Since_Last_Purchase,94,Character,1p,cpg_demo_0819,26730,cpg_demo_0819
626558140458402115,Days_Since_Last_Purchase > 188,Days_Since_Last_Purchase,188,Character,1p,cpg_demo_0819,26730,cpg_demo_0819
626558140458402116,Days_Since_Last_Purchase > 99,Days_Since_Last_Purchase,99,Character,1p,cpg_demo_0819,26730,cpg_demo_0819
626558140458402117,Days_Since_Last_Purchase > 308,Days_Since_Last_Purchase,308,Character,1p,cpg_demo_0819,26730,cpg_demo_0819
626558140458402118,Days_Since_Last_Purchase > 127,Days_Since_Last_Purchase,127,Character,1p,cpg_demo_0819,26730,cpg_demo_0819
626558140458402119,Days_Since_Last_Purchase > 17,Days_Since_Last_Purchase,17,Character,1p,cpg_demo_0819,26730,cpg_demo_0819
626558140458402120,Days_Since_Last_Purchase > 144,Days_Since_Last_Purchase,144,Character,1p,cpg_demo_0819,26730,cpg_demo_0819
626558140458402121,Days_Since_Last_Purchase > 165,Days_Since_Last_Purchase,165,Character,1p,cpg_demo_0819,26730,cpg_demo_0819
626558140458402122,Days_Since_Last_Purchase > 135,Days_Since_Last_Purchase,135,Character,1p,cpg_demo_0819,26730,cpg_demo_0819
626558140458402123,Days_Since_Last_Purchase > 153,Days_Since_Last_Purchase,153,Character,1p,cpg_demo_0819,26730,cpg_demo_0819
626558140458402124,Days_Since_Last_Purchase > 92,Days_Since_Last_Purchase,92,Character,1p,cpg_demo_0819,26730,cpg_demo_0819
626558140458402125,Days_Since_Last_Purchase > 240,Days_Since_Last_Purchase,240,Character,1p,cpg_demo_0819,26730,cpg_demo_0819
626558140458402126,Days_Since_Last_Purchase > 238,Days_Since_Last_Purchase,238,Character,1p,cpg_demo_0819,26730,cpg_demo_0819
626558140458402127,Days_Since_Last_Purchase > 243,Days_Since_Last_Purchase,243,Character,1p,cpg_demo_0819,26730,cpg_demo_0819
626558140458402128,Days_Since_Last_Purchase > 90,Days_Since_Last_Purchase,90,Character,1p,cpg_demo_0819,26730,cpg_demo_0819
626558140458402129,Days_Since_Last_Purchase > 337,Days_Since_Last_Purchase,337,Character,1p,cpg_demo_0819,26730,cpg_demo_0819
626558140458402130,Days_Since_Last_Purchase > 206,Days_Since_Last_Purchase,206,Character,1p,cpg_demo_0819,26730,cpg_demo_0819
626558140458402131,Days_Since_Last_Purchase > 33,Days_Since_Last_Purchase,33,Character,1p,cpg_demo_0819,26730,cpg_demo_0819
626558140458402132,Days_Since_Last_Purchase > 315,Days_Since_Last_Purchase,315,Character,1p,cpg_demo_0819,26730,cpg_demo_0819
626558140458402133,Days_Since_Last_Purchase > 246,Days_Since_Last_Purchase,246,Character,1p,cpg_demo_0819,26730,cpg_demo_0819
626558140458402134,Days_Since_Last_Purchase > 200,Days_Since_Last_Purchase,200,Character,1p,cpg_demo_0819,26730,cpg_demo_0819
626558140458402135,Days_Since_Last_Purchase > 25,Days_Since_Last_Purchase,25,Character,1p,cpg_demo_0819,26730,cpg_demo_0819
626558140458402136,Days_Since_Last_Purchase > 12,Days_Since_Last_Purchase,12,Character,1p,cpg_demo_0819,26730,cpg_demo_0819
626558140458402137,Days_Since_Last_Purchase > 79,Days_Since_Last_Purchase,79,Character,1p,cpg_demo_0819,26730,cpg_demo_0819
626558140458402138,Days_Since_Last_Purchase > 146,Days_Since_Last_Purchase,146,Character,1p,cpg_demo_0819,26730,cpg_demo_0819
626558140458402139,Days_Since_Last_Purchase > 345,Days_Since_Last_Purchase,345,Character,1p,cpg_demo_0819,26730,cpg_demo_0819
626558140458402140,Days_Since_Last_Purchase > 139,Days_Since_Last_Purchase,139,Character,1p,cpg_demo_0819,26730,cpg_demo_0819
626558140458402141,Days_Since_Last_Purchase > 18,Days_Since_Last_Purchase,18,Character,1p,cpg_demo_0819,26730,cpg_demo_0819
626558140458402142,Days_Since_Last_Purchase > 350,Days_Since_Last_Purchase,350,Character,1p,cpg_demo_0819,26730,cpg_demo_0819
626558140458402143,Days_Since_Last_Purchase > 158,Days_Since_Last_Purchase,158,Character,1p,cpg_demo_0819,26730,cpg_demo_0819
626558140458402144,Days_Since_Last_Purchase > 307,Days_Since_Last_Purchase,307,Character,1p,cpg_demo_0819,26730,cpg_demo_0819
626558140458402145,Days_Since_Last_Purchase > 5,Days_Since_Last_Purchase,5,Character,1p,cpg_demo_0819,26730,cpg_demo_0819
626558140458402146,Days_Since_Last_Purchase > 8,Days_Since_Last_Purchase,8,Character,1p,cpg_demo_0819,26730,cpg_demo_0819
626558140458402147,Days_Since_Last_Purchase > 323,Days_Since_Last_Purchase,323,Character,1p,cpg_demo_0819,26730,cpg_demo_0819
626558140458402148,Days_Since_Last_Purchase > 319,Days_Since_Last_Purchase,319,Character,1p,cpg_demo_0819,26730,cpg_demo_0819
626558140458402149,Days_Since_Last_Purchase > 182,Days_Since_Last_Purchase,182,Character,1p,cpg_demo_0819,26730,cpg_demo_0819
626558140458402150,Days_Since_Last_Purchase > 193,Days_Since_Last_Purchase,193,Character,1p,cpg_demo_0819,26730,cpg_demo_0819
626558140458402151,Days_Since_Last_Purchase > 162,Days_Since_Last_Purchase,162,Character,1p,cpg_demo_0819,26730,cpg_demo_0819
626558140458402152,Days_Since_Last_Purchase > 16,Days_Since_Last_Purchase,16,Character,1p,cpg_demo_0819,26730,cpg_demo_0819
626558140458402153,Days_Since_Last_Purchase > 4,Days_Since_Last_Purchase,4,Character,1p,cpg_demo_0819,26730,cpg_demo_0819
626558140458402154,Days_Since_Last_Purchase > 289,Days_Since_Last_Purchase,289,Character,1p,cpg_demo_0819,26730,cpg_demo_0819
626558140458402155,Days_Since_Last_Purchase > 312,Days_Since_Last_Purchase,312,Character,1p,cpg_demo_0819,26730,cpg_demo_0819
626558140458402156,Days_Since_Last_Purchase > 152,Days_Since_Last_Purchase,152,Character,1p,cpg_demo_0819,26730,cpg_demo_0819
626558140458402157,Days_Since_Last_Purchase > 46,Days_Since_Last_Purchase,46,Character,1p,cpg_demo_0819,26730,cpg_demo_0819
626558140458402158,Days_Since_Last_Purchase > 351,Days_Since_Last_Purchase,351,Character,1p,cpg_demo_0819,26730,cpg_demo_0819
626558140458402159,Days_Since_Last_Purchase > 132,Days_Since_Last_Purchase,132,Character,1p,cpg_demo_0819,26730,cpg_demo_0819
626558140458402160,Days_Since_Last_Purchase > 129,Days_Since_Last_Purchase,129,Character,1p,cpg_demo_0819,26730,cpg_demo_0819
626558140458402161,Days_Since_Last_Purchase > 80,Days_Since_Last_Purchase,80,Character,1p,cpg_demo_0819,26730,cpg_demo_0819
626558140458402162,Days_Since_Last_Purchase > 250,Days_Since_Last_Purchase,250,Character,1p,cpg_demo_0819,26730,cpg_demo_0819
626558140458402163,Days_Since_Last_Purchase > 19,Days_Since_Last_Purchase,19,Character,1p,cpg_demo_0819,26730,cpg_demo_0819
626558140458402164,Days_Since_Last_Purchase > 101,Days_Since_Last_Purchase,101,Character,1p,cpg_demo_0819,26730,cpg_demo_0819
626558140458402165,Days_Since_Last_Purchase > 225,Days_Since_Last_Purchase,225,Character,1p,cpg_demo_0819,26730,cpg_demo_0819
626558140458402166,Days_Since_Last_Purchase > 355,Days_Since_Last_Purchase,355,Character,1p,cpg_demo_0819,26730,cpg_demo_0819
626558140458402167,Days_Since_Last_Purchase > 360,Days_Since_Last_Purchase,360,Character,1p,cpg_demo_0819,26730,cpg_demo_0819
626558140458402168,Days_Since_Last_Purchase > 148,Days_Since_Last_Purchase,148,Character,1p,cpg_demo_0819,26730,cpg_demo_0819
626558140458402169,Days_Since_Last_Purchase > 325,Days_Since_Last_Purchase,325,Character,1p,cpg_demo_0819,26730,cpg_demo_0819
626558140458402170,Days_Since_Last_Purchase > 67,Days_Since_Last_Purchase,67,Character,1p,cpg_demo_0819,26730,cpg_demo_0819
626558140458402171,Days_Since_Last_Purchase > 303,Days_Since_Last_Purchase,303,Character,1p,cpg_demo_0819,26730,cpg_demo_0819
626558140458402172,Days_Since_Last_Purchase > 346,Days_Since_Last_Purchase,346,Character,1p,cpg_demo_0819,26730,cpg_demo_0819
626558140458402173,Days_Since_Last_Purchase > 316,Days_Since_Last_Purchase,316,Character,1p,cpg_demo_0819,26730,cpg_demo_0819
626558140458402174,Days_Since_Last_Purchase > 24,Days_Since_Last_Purchase,24,Character,1p,cpg_demo_0819,26730,cpg_demo_0819
626558140458402175,Days_Since_Last_Purchase > 228,Days_Since_Last_Purchase,228,Character,1p,cpg_demo_0819,26730,cpg_demo_0819
626558140458402176,Days_Since_Last_Purchase > 197,Days_Since_Last_Purchase,197,Character,1p,cpg_demo_0819,26730,cpg_demo_0819
626558140458402177,Days_Since_Last_Purchase > 363,Days_Since_Last_Purchase,363,Character,1p,cpg_demo_0819,26730,cpg_demo_0819
626558140458402178,Days_Since_Last_Purchase > 210,Days_Since_Last_Purchase,210,Character,1p,cpg_demo_0819,26730,cpg_demo_0819
626558140458402179,Days_Since_Last_Purchase > 264,Days_Since_Last_Purchase,264,Character,1p,cpg_demo_0819,26730,cpg_demo_0819
626558140458402180,Days_Since_Last_Purchase > 63,Days_Since_Last_Purchase,63,Character,1p,cpg_demo_0819,26730,cpg_demo_0819
626558140458402181,Days_Since_Last_Purchase > 341,Days_Since_Last_Purchase,341,Character,1p,cpg_demo_0819,26730,cpg_demo_0819
626558140458402182,Days_Since_Last_Purchase > 125,Days_Since_Last_Purchase,125,Character,1p,cpg_demo_0819,26730,cpg_demo_0819
626558140458402183,Days_Since_Last_Purchase > 313,Days_Since_Last_Purchase,313,Character,1p,cpg_demo_0819,26730,cpg_demo_0819
626558140458402184,Days_Since_Last_Purchase > 53,Days_Since_Last_Purchase,53,Character,1p,cpg_demo_0819,26730,cpg_demo_0819
626558140458402185,Days_Since_Last_Purchase > 54,Days_Since_Last_Purchase,54,Character,1p,cpg_demo_0819,26730,cpg_demo_0819
626558140458402186,Days_Since_Last_Purchase > 276,Days_Since_Last_Purchase,276,Character,1p,cpg_demo_0819,26730,cpg_demo_0819
626558140458402187,Days_Since_Last_Purchase > 273,Days_Since_Last_Purchase,273,Character,1p,cpg_demo_0819,26730,cpg_demo_0819
626558140458402188,Days_Since_Last_Purchase > 115,Days_Since_Last_Purchase,115,Character,1p,cpg_demo_0819,26730,cpg_demo_0819
626558140458402189,Days_Since_Last_Purchase > 292,Days_Since_Last_Purchase,292,Character,1p,cpg_demo_0819,26730,cpg_demo_0819
626558140458402190,Days_Since_Last_Purchase > 34,Days_Since_Last_Purchase,34,Character,1p,cpg_demo_0819,26730,cpg_demo_0819
626558140458402191,Days_Since_Last_Purchase > 166,Days_Since_Last_Purchase,166,Character,1p,cpg_demo_0819,26730,cpg_demo_0819
626558140458402192,Days_Since_Last_Purchase > 6,Days_Since_Last_Purchase,6,Character,1p,cpg_demo_0819,26730,cpg_demo_0819
626558140458402193,Days_Since_Last_Purchase > 358,Days_Since_Last_Purchase,358,Character,1p,cpg_demo_0819,26730,cpg_demo_0819
626558140458402194,Days_Since_Last_Purchase > 236,Days_Since_Last_Purchase,236,Character,1p,cpg_demo_0819,26730,cpg_demo_0819
626558140458402195,Days_Since_Last_Purchase > 66,Days_Since_Last_Purchase,66,Character,1p,cpg_demo_0819,26730,cpg_demo_0819
626558140458402196,Days_Since_Last_Purchase > 262,Days_Since_Last_Purchase,262,Character,1p,cpg_demo_0819,26730,cpg_demo_0819
626558140458402197,Days_Since_Last_Purchase > 120,Days_Since_Last_Purchase,120,Character,1p,cpg_demo_0819,26730,cpg_demo_0819
626558140458402198,Days_Since_Last_Purchase > 352,Days_Since_Last_Purchase,352,Character,1p,cpg_demo_0819,26730,cpg_demo_0819
626558140458402199,Days_Since_Last_Purchase > 15,Days_Since_Last_Purchase,15,Character,1p,cpg_demo_0819,26730,cpg_demo_0819
626558140458402200,Days_Since_Last_Purchase > 269,Days_Since_Last_Purchase,269,Character,1p,cpg_demo_0819,26730,cpg_demo_0819
626558140458402201,Days_Since_Last_Purchase > 81,Days_Since_Last_Purchase,81,Character,1p,cpg_demo_0819,26730,cpg_demo_0819
626558140458402202,Days_Since_Last_Purchase > 365,Days_Since_Last_Purchase,365,Character,1p,cpg_demo_0819,26730,cpg_demo_0819
626558140458402203,Days_Since_Last_Purchase > 242,Days_Since_Last_Purchase,242,Character,1p,cpg_demo_0819,26730,cpg_demo_0819
626558140458402204,Days_Since_Last_Purchase > 304,Days_Since_Last_Purchase,304,Character,1p,cpg_demo_0819,26730,cpg_demo_0819
626558140458402205,Days_Since_Last_Purchase > 317,Days_Since_Last_Purchase,317,Character,1p,cpg_demo_0819,26730,cpg_demo_0819
626558140458402206,Days_Since_Last_Purchase > 82,Days_Since_Last_Purchase,82,Character,1p,cpg_demo_0819,26730,cpg_demo_0819
626558140458402207,Days_Since_Last_Purchase > 175,Days_Since_Last_Purchase,175,Character,1p,cpg_demo_0819,26730,cpg_demo_0819
626558140458402208,Days_Since_Last_Purchase > 284,Days_Since_Last_Purchase,284,Character,1p,cpg_demo_0819,26730,cpg_demo_0819
626558140458402209,Days_Since_Last_Purchase > 9,Days_Since_Last_Purchase,9,Character,1p,cpg_demo_0819,26730,cpg_demo_0819
626558140458402210,Days_Since_Last_Purchase > 226,Days_Since_Last_Purchase,226,Character,1p,cpg_demo_0819,26730,cpg_demo_0819
626558140458402211,Days_Since_Last_Purchase > 173,Days_Since_Last_Purchase,173,Character,1p,cpg_demo_0819,26730,cpg_demo_0819
626558140458402212,Days_Since_Last_Purchase > 111,Days_Since_Last_Purchase,111,Character,1p,cpg_demo_0819,26730,cpg_demo_0819
626558140458402213,Days_Since_Last_Purchase > 56,Days_Since_Last_Purchase,56,Character,1p,cpg_demo_0819,26730,cpg_demo_0819
626558140458402214,Days_Since_Last_Purchase > 288,Days_Since_Last_Purchase,288,Character,1p,cpg_demo_0819,26730,cpg_demo_0819
626558140458402215,Days_Since_Last_Purchase > 123,Days_Since_Last_Purchase,123,Character,1p,cpg_demo_0819,26730,cpg_demo_0819
626558140458402216,Days_Since_Last_Purchase > 309,Days_Since_Last_Purchase,309,Character,1p,cpg_demo_0819,26730,cpg_demo_0819
626558140458402217,Days_Since_Last_Purchase > 38,Days_Since_Last_Purchase,38,Character,1p,cpg_demo_0819,26730,cpg_demo_0819
626558140458402218,Days_Since_Last_Purchase > 97,Days_Since_Last_Purchase,97,Character,1p,cpg_demo_0819,26730,cpg_demo_0819
626558140458402219,Days_Since_Last_Purchase > 361,Days_Since_Last_Purchase,361,Character,1p,cpg_demo_0819,26730,cpg_demo_0819
626558140458402220,Days_Since_Last_Purchase > 133,Days_Since_Last_Purchase,133,Character,1p,cpg_demo_0819,26730,cpg_demo_0819
626558140458402221,Days_Since_Last_Purchase > 137,Days_Since_Last_Purchase,137,Character,1p,cpg_demo_0819,26730,cpg_demo_0819
626558140458402222,Days_Since_Last_Purchase > 183,Days_Since_Last_Purchase,183,Character,1p,cpg_demo_0819,26730,cpg_demo_0819
626558140458402223,Days_Since_Last_Purchase > 248,Days_Since_Last_Purchase,248,Character,1p,cpg_demo_0819,26730,cpg_demo_0819
626558140458402224,Days_Since_Last_Purchase > 217,Days_Since_Last_Purchase,217,Character,1p,cpg_demo_0819,26730,cpg_demo_0819
626558140458402225,Days_Since_Last_Purchase > 41,Days_Since_Last_Purchase,41,Character,1p,cpg_demo_0819,26730,cpg_demo_0819
626558140458402226,Days_Since_Last_Purchase > 21,Days_Since_Last_Purchase,21,Character,1p,cpg_demo_0819,26730,cpg_demo_0819
626558140458402227,Days_Since_Last_Purchase > 208,Days_Since_Last_Purchase,208,Character,1p,cpg_demo_0819,26730,cpg_demo_0819
626558140458402228,Days_Since_Last_Purchase > 202,Days_Since_Last_Purchase,202,Character,1p,cpg_demo_0819,26730,cpg_demo_0819
626558140458402229,Days_Since_Last_Purchase > 330,Days_Since_Last_Purchase,330,Character,1p,cpg_demo_0819,26730,cpg_demo_0819
626558140458402230,Days_Since_Last_Purchase > 74,Days_Since_Last_Purchase,74,Character,1p,cpg_demo_0819,26730,cpg_demo_0819
626558140458402231,Days_Since_Last_Purchase > 247,Days_Since_Last_Purchase,247,Character,1p,cpg_demo_0819,26730,cpg_demo_0819
626558140458402232,Days_Since_Last_Purchase > 77,Days_Since_Last_Purchase,77,Character,1p,cpg_demo_0819,26730,cpg_demo_0819
626558140458402233,Days_Since_Last_Purchase > 343,Days_Since_Last_Purchase,343,Character,1p,cpg_demo_0819,26730,cpg_demo_0819
626558140458402234,Days_Since_Last_Purchase > 189,Days_Since_Last_Purchase,189,Character,1p,cpg_demo_0819,26730,cpg_demo_0819
626558140458402235,Days_Since_Last_Purchase > 233,Days_Since_Last_Purchase,233,Character,1p,cpg_demo_0819,26730,cpg_demo_0819
626558140458402236,Days_Since_Last_Purchase > 229,Days_Since_Last_Purchase,229,Character,1p,cpg_demo_0819,26730,cpg_demo_0819
626558140458402237,Days_Since_Last_Purchase > 285,Days_Since_Last_Purchase,285,Character,1p,cpg_demo_0819,26730,cpg_demo_0819
626558140458402238,Days_Since_Last_Purchase > 119,Days_Since_Last_Purchase,119,Character,1p,cpg_demo_0819,26730,cpg_demo_0819
626558140458402239,Days_Since_Last_Purchase > 181,Days_Since_Last_Purchase,181,Character,1p,cpg_demo_0819,26730,cpg_demo_0819
626558140458402240,Days_Since_Last_Purchase > 291,Days_Since_Last_Purchase,291,Character,1p,cpg_demo_0819,26730,cpg_demo_0819
626558140458402241,Days_Since_Last_Purchase > 43,Days_Since_Last_Purchase,43,Character,1p,cpg_demo_0819,26730,cpg_demo_0819
626558140458402242,Days_Since_Last_Purchase > 176,Days_Since_Last_Purchase,176,Character,1p,cpg_demo_0819,26730,cpg_demo_0819
626558140458402243,Days_Since_Last_Purchase > 257,Days_Since_Last_Purchase,257,Character,1p,cpg_demo_0819,26730,cpg_demo_0819
626558140458402244,Days_Since_Last_Purchase > 60,Days_Since_Last_Purchase,60,Character,1p,cpg_demo_0819,26730,cpg_demo_0819
626558140458402245,Days_Since_Last_Purchase > 88,Days_Since_Last_Purchase,88,Character,1p,cpg_demo_0819,26730,cpg_demo_0819
626558140458402246,Days_Since_Last_Purchase > 362,Days_Since_Last_Purchase,362,Character,1p,cpg_demo_0819,26730,cpg_demo_0819
626558140458402247,Days_Since_Last_Purchase > 267,Days_Since_Last_Purchase,267,Character,1p,cpg_demo_0819,26730,cpg_demo_0819
626558140458402248,Days_Since_Last_Purchase > 174,Days_Since_Last_Purchase,174,Character,1p,cpg_demo_0819,26730,cpg_demo_0819
626558140458402249,Days_Since_Last_Purchase > 47,Days_Since_Last_Purchase,47,Character,1p,cpg_demo_0819,26730,cpg_demo_0819
626558140458402250,Days_Since_Last_Purchase > 339,Days_Since_Last_Purchase,339,Character,1p,cpg_demo_0819,26730,cpg_demo_0819
626558140458402251,Days_Since_Last_Purchase > 321,Days_Since_Last_Purchase,321,Character,1p,cpg_demo_0819,26730,cpg_demo_0819
626558140458402252,Days_Since_Last_Purchase > 134,Days_Since_Last_Purchase,134,Character,1p,cpg_demo_0819,26730,cpg_demo_0819
626558140458402253,Days_Since_Last_Purchase > 86,Days_Since_Last_Purchase,86,Character,1p,cpg_demo_0819,26730,cpg_demo_0819
626558140458402254,Days_Since_Last_Purchase > 164,Days_Since_Last_Purchase,164,Character,1p,cpg_demo_0819,26730,cpg_demo_0819
626558140458402255,Days_Since_Last_Purchase > 239,Days_Since_Last_Purchase,239,Character,1p,cpg_demo_0819,26730,cpg_demo_0819
626558140458402256,Days_Since_Last_Purchase > 354,Days_Since_Last_Purchase,354,Character,1p,cpg_demo_0819,26730,cpg_demo_0819
626558140458402257,Days_Since_Last_Purchase > 155,Days_Since_Last_Purchase,155,Character,1p,cpg_demo_0819,26730,cpg_demo_0819
626558140458402258,Days_Since_Last_Purchase > 280,Days_Since_Last_Purchase,280,Character,1p,cpg_demo_0819,26730,cpg_demo_0819
626558140458402259,Days_Since_Last_Purchase > 230,Days_Since_Last_Purchase,230,Character,1p,cpg_demo_0819,26730,cpg_demo_0819
626558140458402260,Days_Since_Last_Purchase > 340,Days_Since_Last_Purchase,340,Character,1p,cpg_demo_0819,26730,cpg_demo_0819
626558140458402261,Days_Since_Last_Purchase > 356,Days_Since_Last_Purchase,356,Character,1p,cpg_demo_0819,26730,cpg_demo_0819
626558140458402262,Days_Since_Last_Purchase > 107,Days_Since_Last_Purchase,107,Character,1p,cpg_demo_0819,26730,cpg_demo_0819
626558140458402263,Days_Since_Last_Purchase > 39,Days_Since_Last_Purchase,39,Character,1p,cpg_demo_0819,26730,cpg_demo_0819
626558140458402264,Days_Since_Last_Purchase > 95,Days_Since_Last_Purchase,95,Character,1p,cpg_demo_0819,26730,cpg_demo_0819
626558140458402265,Days_Since_Last_Purchase > 335,Days_Since_Last_Purchase,335,Character,1p,cpg_demo_0819,26730,cpg_demo_0819
626558140458402266,Days_Since_Last_Purchase > 324,Days_Since_Last_Purchase,324,Character,1p,cpg_demo_0819,26730,cpg_demo_0819
626558140458402267,Days_Since_Last_Purchase > 2,Days_Since_Last_Purchase,2,Character,1p,cpg_demo_0819,26730,cpg_demo_0819
626558140458402268,Days_Since_Last_Purchase > 59,Days_Since_Last_Purchase,59,Character,1p,cpg_demo_0819,26730,cpg_demo_0819
626558140458402269,Days_Since_Last_Purchase > 186,Days_Since_Last_Purchase,186,Character,1p,cpg_demo_0819,26730,cpg_demo_0819
626558140458402270,Days_Since_Last_Purchase > 138,Days_Since_Last_Purchase,138,Character,1p,cpg_demo_0819,26730,cpg_demo_0819
626558140458402271,Days_Since_Last_Purchase > 35,Days_Since_Last_Purchase,35,Character,1p,cpg_demo_0819,26730,cpg_demo_0819
626558140458402272,Days_Since_Last_Purchase > 149,Days_Since_Last_Purchase,149,Character,1p,cpg_demo_0819,26730,cpg_demo_0819
626558140458402273,Days_Since_Last_Purchase > 36,Days_Since_Last_Purchase,36,Character,1p,cpg_demo_0819,26730,cpg_demo_0819
626558140458402274,Days_Since_Last_Purchase > 108,Days_Since_Last_Purchase,108,Character,1p,cpg_demo_0819,26730,cpg_demo_0819
626558140458402275,Days_Since_Last_Purchase > 281,Days_Since_Last_Purchase,281,Character,1p,cpg_demo_0819,26730,cpg_demo_0819
626558140458402276,Days_Since_Last_Purchase > 112,Days_Since_Last_Purchase,112,Character,1p,cpg_demo_0819,26730,cpg_demo_0819
626558140458402277,Days_Since_Last_Purchase > 219,Days_Since_Last_Purchase,219,Character,1p,cpg_demo_0819,26730,cpg_demo_0819
626558140458402278,Days_Since_Last_Purchase > 161,Days_Since_Last_Purchase,161,Character,1p,cpg_demo_0819,26730,cpg_demo_0819
626558140458402279,Days_Since_Last_Purchase > 91,Days_Since_Last_Purchase,91,Character,1p,cpg_demo_0819,26730,cpg_demo_0819
626558140458402280,Days_Since_Last_Purchase > 297,Days_Since_Last_Purchase,297,Character,1p,cpg_demo_0819,26730,cpg_demo_0819
626558140458402281,Days_Since_Last_Purchase > 64,Days_Since_Last_Purchase,64,Character,1p,cpg_demo_0819,26730,cpg_demo_0819
626558140458402282,Days_Since_Last_Purchase > 302,Days_Since_Last_Purchase,302,Character,1p,cpg_demo_0819,26730,cpg_demo_0819
626558140458402283,Days_Since_Last_Purchase > 87,Days_Since_Last_Purchase,87,Character,1p,cpg_demo_0819,26730,cpg_demo_0819
626558140458402284,Days_Since_Last_Purchase > 184,Days_Since_Last_Purchase,184,Character,1p,cpg_demo_0819,26730,cpg_demo_0819
626558140458402285,Days_Since_Last_Purchase > 140,Days_Since_Last_Purchase,140,Character,1p,cpg_demo_0819,26730,cpg_demo_0819
626558140458402286,Days_Since_Last_Purchase > 185,Days_Since_Last_Purchase,185,Character,1p,cpg_demo_0819,26730,cpg_demo_0819
626558140458402287,Days_Since_Last_Purchase > 196,Days_Since_Last_Purchase,196,Character,1p,cpg_demo_0819,26730,cpg_demo_0819
626558140458402288,Days_Since_Last_Purchase > 58,Days_Since_Last_Purchase,58,Character,1p,cpg_demo_0819,26730,cpg_demo_0819
626558140458402289,Days_Since_Last_Purchase > 251,Days_Since_Last_Purchase,251,Character,1p,cpg_demo_0819,26730,cpg_demo_0819
626558140458402290,Days_Since_Last_Purchase > 7,Days_Since_Last_Purchase,7,Character,1p,cpg_demo_0819,26730,cpg_demo_0819
626558140458402291,Days_Since_Last_Purchase > 348,Days_Since_Last_Purchase,348,Character,1p,cpg_demo_0819,26730,cpg_demo_0819
626558140458402292,Days_Since_Last_Purchase > 13,Days_Since_Last_Purchase,13,Character,1p,cpg_demo_0819,26730,cpg_demo_0819
626558140458402293,Days_Since_Last_Purchase > 349,Days_Since_Last_Purchase,349,Character,1p,cpg_demo_0819,26730,cpg_demo_0819
626558140458402294,Days_Since_Last_Purchase > 342,Days_Since_Last_Purchase,342,Character,1p,cpg_demo_0819,26730,cpg_demo_0819
626558140458402295,Days_Since_Last_Purchase > 287,Days_Since_Last_Purchase,287,Character,1p,cpg_demo_0819,26730,cpg_demo_0819
626558140458402296,Days_Since_Last_Purchase > 209,Days_Since_Last_Purchase,209,Character,1p,cpg_demo_0819,26730,cpg_demo_0819
626558140458402297,Days_Since_Last_Purchase > 122,Days_Since_Last_Purchase,122,Character,1p,cpg_demo_0819,26730,cpg_demo_0819
626558140458402298,Days_Since_Last_Purchase > 121,Days_Since_Last_Purchase,121,Character,1p,cpg_demo_0819,26730,cpg_demo_0819
626558140458402299,Days_Since_Last_Purchase > 205,Days_Since_Last_Purchase,205,Character,1p,cpg_demo_0819,26730,cpg_demo_0819
626558140458402300,Days_Since_Last_Purchase > 218,Days_Since_Last_Purchase,218,Character,1p,cpg_demo_0819,26730,cpg_demo_0819
626558140458402301,Days_Since_Last_Purchase > 104,Days_Since_Last_Purchase,104,Character,1p,cpg_demo_0819,26730,cpg_demo_0819
626558140458402302,Days_Since_Last_Purchase > 249,Days_Since_Last_Purchase,249,Character,1p,cpg_demo_0819,26730,cpg_demo_0819
626558140458402303,Days_Since_Last_Purchase > 145,Days_Since_Last_Purchase,145,Character,1p,cpg_demo_0819,26730,cpg_demo_0819
626558140458402304,Days_Since_Last_Purchase > 275,Days_Since_Last_Purchase,275,Character,1p,cpg_demo_0819,26730,cpg_demo_0819
626558140458402305,Days_Since_Last_Purchase > 293,Days_Since_Last_Purchase,293,Character,1p,cpg_demo_0819,26730,cpg_demo_0819
626558140458402306,Days_Since_Last_Purchase > 310,Days_Since_Last_Purchase,310,Character,1p,cpg_demo_0819,26730,cpg_demo_0819
626558140458402307,Days_Since_Last_Purchase > 268,Days_Since_Last_Purchase,268,Character,1p,cpg_demo_0819,26730,cpg_demo_0819
626558140458402308,Days_Since_Last_Purchase > 128,Days_Since_Last_Purchase,128,Character,1p,cpg_demo_0819,26730,cpg_demo_0819
626558140458402309,Days_Since_Last_Purchase > 277,Days_Since_Last_Purchase,277,Character,1p,cpg_demo_0819,26730,cpg_demo_0819
626558140458402310,Days_Since_Last_Purchase > 52,Days_Since_Last_Purchase,52,Character,1p,cpg_demo_0819,26730,cpg_demo_0819
626558140458402311,Days_Since_Last_Purchase > 49,Days_Since_Last_Purchase,49,Character,1p,cpg_demo_0819,26730,cpg_demo_0819
626558140458402312,Days_Since_Last_Purchase > 266,Days_Since_Last_Purchase,266,Character,1p,cpg_demo_0819,26730,cpg_demo_0819
626558140458402313,Days_Since_Last_Purchase > 72,Days_Since_Last_Purchase,72,Character,1p,cpg_demo_0819,26730,cpg_demo_0819
626558140458402314,Days_Since_Last_Purchase > 212,Days_Since_Last_Purchase,212,Character,1p,cpg_demo_0819,26730,cpg_demo_0819
626558140458402315,Days_Since_Last_Purchase > 244,Days_Since_Last_Purchase,244,Character,1p,cpg_demo_0819,26730,cpg_demo_0819
626558140458402316,Days_Since_Last_Purchase > 347,Days_Since_Last_Purchase,347,Character,1p,cpg_demo_0819,26730,cpg_demo_0819
626558140458402317,Days_Since_Last_Purchase > 37,Days_Since_Last_Purchase,37,Character,1p,cpg_demo_0819,26730,cpg_demo_0819
626558140458402318,Days_Since_Last_Purchase > 131,Days_Since_Last_Purchase,131,Character,1p,cpg_demo_0819,26730,cpg_demo_0819
626558140458402319,Days_Since_Last_Purchase > 14,Days_Since_Last_Purchase,14,Character,1p,cpg_demo_0819,26730,cpg_demo_0819
626558140458402320,Days_Since_Last_Purchase > 283,Days_Since_Last_Purchase,283,Character,1p,cpg_demo_0819,26730,cpg_demo_0819
626558140458402321,Days_Since_Last_Purchase > 234,Days_Since_Last_Purchase,234,Character,1p,cpg_demo_0819,26730,cpg_demo_0819
626558140458402322,Days_Since_Last_Purchase > 222,Days_Since_Last_Purchase,222,Character,1p,cpg_demo_0819,26730,cpg_demo_0819
626558140458402323,Days_Since_Last_Purchase > 357,Days_Since_Last_Purchase,357,Character,1p,cpg_demo_0819,26730,cpg_demo_0819
626558140458402324,Days_Since_Last_Purchase > 282,Days_Since_Last_Purchase,282,Character,1p,cpg_demo_0819,26730,cpg_demo_0819
626558140458402325,Days_Since_Last_Purchase > 290,Days_Since_Last_Purchase,290,Character,1p,cpg_demo_0819,26730,cpg_demo_0819
626558140458402326,Days_Since_Last_Purchase > 96,Days_Since_Last_Purchase,96,Character,1p,cpg_demo_0819,26730,cpg_demo_0819
626558140458402327,Days_Since_Last_Purchase > 305,Days_Since_Last_Purchase,305,Character,1p,cpg_demo_0819,26730,cpg_demo_0819
626558140458402328,Days_Since_Last_Purchase > 169,Days_Since_Last_Purchase,169,Character,1p,cpg_demo_0819,26730,cpg_demo_0819
626558140458402329,Days_Since_Last_Purchase > 223,Days_Since_Last_Purchase,223,Character,1p,cpg_demo_0819,26730,cpg_demo_0819
626558140458402330,Days_Since_Last_Purchase > 295,Days_Since_Last_Purchase,295,Character,1p,cpg_demo_0819,26730,cpg_demo_0819
626558140458402331,Days_Since_Last_Purchase > 294,Days_Since_Last_Purchase,294,Character,1p,cpg_demo_0819,26730,cpg_demo_0819
626558140458402332,Days_Since_Last_Purchase > 136,Days_Since_Last_Purchase,136,Character,1p,cpg_demo_0819,26730,cpg_demo_0819
626558140458402333,Days_Since_Last_Purchase > 199,Days_Since_Last_Purchase,199,Character,1p,cpg_demo_0819,26730,cpg_demo_0819
626558140458402334,Days_Since_Last_Purchase > 296,Days_Since_Last_Purchase,296,Character,1p,cpg_demo_0819,26730,cpg_demo_0819
626558140458402335,Days_Since_Last_Purchase > 301,Days_Since_Last_Purchase,301,Character,1p,cpg_demo_0819,26730,cpg_demo_0819
626558140458402336,Days_Since_Last_Purchase > 215,Days_Since_Last_Purchase,215,Character,1p,cpg_demo_0819,26730,cpg_demo_0819
626558140458402337,Days_Since_Last_Purchase > 213,Days_Since_Last_Purchase,213,Character,1p,cpg_demo_0819,26730,cpg_demo_0819
626558140458402338,Days_Since_Last_Purchase > 151,Days_Since_Last_Purchase,151,Character,1p,cpg_demo_0819,26730,cpg_demo_0819
626558140458402339,Days_Since_Last_Purchase > 327,Days_Since_Last_Purchase,327,Character,1p,cpg_demo_0819,26730,cpg_demo_0819
626558140458402340,Days_Since_Last_Purchase > 171,Days_Since_Last_Purchase,171,Character,1p,cpg_demo_0819,26730,cpg_demo_0819
626558140458402341,Days_Since_Last_Purchase > 159,Days_Since_Last_Purchase,159,Character,1p,cpg_demo_0819,26730,cpg_demo_0819
626558140458402342,Days_Since_Last_Purchase > 71,Days_Since_Last_Purchase,71,Character,1p,cpg_demo_0819,26730,cpg_demo_0819
626558140458402343,Days_Since_Last_Purchase > 299,Days_Since_Last_Purchase,299,Character,1p,cpg_demo_0819,26730,cpg_demo_0819
626558140458402344,Days_Since_Last_Purchase > 254,Days_Since_Last_Purchase,254,Character,1p,cpg_demo_0819,26730,cpg_demo_0819
626558140458402345,Days_Since_Last_Purchase > 311,Days_Since_Last_Purchase,311,Character,1p,cpg_demo_0819,26730,cpg_demo_0819
626558140458402346,Days_Since_Last_Purchase > 177,Days_Since_Last_Purchase,177,Character,1p,cpg_demo_0819,26730,cpg_demo_0819
626558140458402347,Days_Since_Last_Purchase > 261,Days_Since_Last_Purchase,261,Character,1p,cpg_demo_0819,26730,cpg_demo_0819
626558140458402348,Days_Since_Last_Purchase > 44,Days_Since_Last_Purchase,44,Character,1p,cpg_demo_0819,26730,cpg_demo_0819
626558140458402349,Days_Since_Last_Purchase > 106,Days_Since_Last_Purchase,106,Character,1p,cpg_demo_0819,26730,cpg_demo_0819
626558140458402350,Days_Since_Last_Purchase > 114,Days_Since_Last_Purchase,114,Character,1p,cpg_demo_0819,26730,cpg_demo_0819
626558140458402351,Days_Since_Last_Purchase > 100,Days_Since_Last_Purchase,100,Character,1p,cpg_demo_0819,26730,cpg_demo_0819
626558140458402352,Days_Since_Last_Purchase > 333,Days_Since_Last_Purchase,333,Character,1p,cpg_demo_0819,26730,cpg_demo_0819
626558140458402353,Days_Since_Last_Purchase > 253,Days_Since_Last_Purchase,253,Character,1p,cpg_demo_0819,26730,cpg_demo_0819
626558140458402354,Days_Since_Last_Purchase > 48,Days_Since_Last_Purchase,48,Character,1p,cpg_demo_0819,26730,cpg_demo_0819
626558140458402355,Days_Since_Last_Purchase > 259,Days_Since_Last_Purchase,259,Character,1p,cpg_demo_0819,26730,cpg_demo_0819
626558140458402356,Days_Since_Last_Purchase > 318,Days_Since_Last_Purchase,318,Character,1p,cpg_demo_0819,26730,cpg_demo_0819
626558140458402357,Days_Since_Last_Purchase > 191,Days_Since_Last_Purchase,191,Character,1p,cpg_demo_0819,26730,cpg_demo_0819
626558140458402358,Days_Since_Last_Purchase > 195,Days_Since_Last_Purchase,195,Character,1p,cpg_demo_0819,26730,cpg_demo_0819
626558140458402359,Days_Since_Last_Purchase > 156,Days_Since_Last_Purchase,156,Character,1p,cpg_demo_0819,26730,cpg_demo_0819
626558140458402360,Days_Since_Last_Purchase > 306,Days_Since_Last_Purchase,306,Character,1p,cpg_demo_0819,26730,cpg_demo_0819
626558140458402361,Days_Since_Last_Purchase > 26,Days_Since_Last_Purchase,26,Character,1p,cpg_demo_0819,26730,cpg_demo_0819
626558140458402362,Days_Since_Last_Purchase > 167,Days_Since_Last_Purchase,167,Character,1p,cpg_demo_0819,26730,cpg_demo_0819
626558140458402363,Days_Since_Last_Purchase > 117,Days_Since_Last_Purchase,117,Character,1p,cpg_demo_0819,26730,cpg_demo_0819
626558140458402364,Days_Since_Last_Purchase > 98,Days_Since_Last_Purchase,98,Character,1p,cpg_demo_0819,26730,cpg_demo_0819
626558140458402365,Days_Since_Last_Purchase > 65,Days_Since_Last_Purchase,65,Character,1p,cpg_demo_0819,26730,cpg_demo_0819
626558140458402366,Days_Since_Last_Purchase > 353,Days_Since_Last_Purchase,353,Character,1p,cpg_demo_0819,26730,cpg_demo_0819
626558140458402367,Days_Since_Last_Purchase > 93,Days_Since_Last_Purchase,93,Character,1p,cpg_demo_0819,26730,cpg_demo_0819
626558140458402368,Days_Since_Last_Purchase > 286,Days_Since_Last_Purchase,286,Character,1p,cpg_demo_0819,26730,cpg_demo_0819
626558140458402369,Days_Since_Last_Purchase > 221,Days_Since_Last_Purchase,221,Character,1p,cpg_demo_0819,26730,cpg_demo_0819
626558140458402370,Days_Since_Last_Purchase > 272,Days_Since_Last_Purchase,272,Character,1p,cpg_demo_0819,26730,cpg_demo_0819
626558140458402371,Days_Since_Last_Purchase > 28,Days_Since_Last_Purchase,28,Character,1p,cpg_demo_0819,26730,cpg_demo_0819
626558140458402372,Days_Since_Last_Purchase > 57,Days_Since_Last_Purchase,57,Character,1p,cpg_demo_0819,26730,cpg_demo_0819
626558140458402373,Days_Since_Last_Purchase > 10,Days_Since_Last_Purchase,10,Character,1p,cpg_demo_0819,26730,cpg_demo_0819
626558140458402374,Days_Since_Last_Purchase > 142,Days_Since_Last_Purchase,142,Character,1p,cpg_demo_0819,26730,cpg_demo_0819
626558140458402375,Days_Since_Last_Purchase > 20,Days_Since_Last_Purchase,20,Character,1p,cpg_demo_0819,26730,cpg_demo_0819
626558140458402376,Days_Since_Last_Purchase > 265,Days_Since_Last_Purchase,265,Character,1p,cpg_demo_0819,26730,cpg_demo_0819
626558140458402377,Days_Since_Last_Purchase > 89,Days_Since_Last_Purchase,89,Character,1p,cpg_demo_0819,26730,cpg_demo_0819
626558140458402378,Days_Since_Last_Purchase > 40,Days_Since_Last_Purchase,40,Character,1p,cpg_demo_0819,26730,cpg_demo_0819
626558140458402379,Days_Since_Last_Purchase > 214,Days_Since_Last_Purchase,214,Character,1p,cpg_demo_0819,26730,cpg_demo_0819
626558140458402380,Days_Since_Last_Purchase > 180,Days_Since_Last_Purchase,180,Character,1p,cpg_demo_0819,26730,cpg_demo_0819
626558140458402381,Days_Since_Last_Purchase > 116,Days_Since_Last_Purchase,116,Character,1p,cpg_demo_0819,26730,cpg_demo_0819
626558140458402382,Days_Since_Last_Purchase > 344,Days_Since_Last_Purchase,344,Character,1p,cpg_demo_0819,26730,cpg_demo_0819
626558140458402383,Days_Since_Last_Purchase > 160,Days_Since_Last_Purchase,160,Character,1p,cpg_demo_0819,26730,cpg_demo_0819
626558140458402384,Days_Since_Last_Purchase > 271,Days_Since_Last_Purchase,271,Character,1p,cpg_demo_0819,26730,cpg_demo_0819
626558140458402385,Days_Since_Last_Purchase > 211,Days_Since_Last_Purchase,211,Character,1p,cpg_demo_0819,26730,cpg_demo_0819
626558140458402386,Days_Since_Last_Purchase > 326,Days_Since_Last_Purchase,326,Character,1p,cpg_demo_0819,26730,cpg_demo_0819
626558140458401882,La_Roche_Posay_Purchase_History > N,La_Roche_Posay_Purchase_History,N,Character,1p,cpg_demo_0819,26730,cpg_demo_0819
626558140458401883,La_Roche_Posay_Purchase_History > Y,La_Roche_Posay_Purchase_History,Y,Character,1p,cpg_demo_0819,26730,cpg_demo_0819
626558140458402558,Lip_Care_Purchase_Frequency > Monthly,Lip_Care_Purchase_Frequency,Monthly,Character,1p,cpg_demo_0819,26730,cpg_demo_0819
626558140458402559,Lip_Care_Purchase_Frequency > Rarely,Lip_Care_Purchase_Frequency,Rarely,Character,1p,cpg_demo_0819,26730,cpg_demo_0819
626558140458402560,Lip_Care_Purchase_Frequency > Never,Lip_Care_Purchase_Frequency,Never,Character,1p,cpg_demo_0819,26730,cpg_demo_0819
626558140458402561,Lip_Care_Purchase_Frequency > Quarterly,Lip_Care_Purchase_Frequency,Quarterly,Character,1p,cpg_demo_0819,26730,cpg_demo_0819
626558140458402562,Lip_Care_Purchase_Frequency > Weekly,Lip_Care_Purchase_Frequency,Weekly,Character,1p,cpg_demo_0819,26730,cpg_demo_0819
626558140458404176,Prestige_Beauty_Spend_Tier > Medium,Prestige_Beauty_Spend_Tier,Medium,Character,1p,cpg_demo_0819,26730,cpg_demo_0819
626558140458404177,Prestige_Beauty_Spend_Tier > Premium,Prestige_Beauty_Spend_Tier,Premium,Character,1p,cpg_demo_0819,26730,cpg_demo_0819
626558140458404178,Prestige_Beauty_Spend_Tier > Low,Prestige_Beauty_Spend_Tier,Low,Character,1p,cpg_demo_0819,26730,cpg_demo_0819
626558140458404179,Prestige_Beauty_Spend_Tier > High,Prestige_Beauty_Spend_Tier,High,Character,1p,cpg_demo_0819,26730,cpg_demo_0819
626558140458404235,Holiday_Shopper > N,Holiday_Shopper,N,Character,1p,cpg_demo_0819,26730,cpg_demo_0819
626558140458404236,Holiday_Shopper > Y,Holiday_Shopper,Y,Character,1p,cpg_demo_0819,26730,cpg_demo_0819
626558140458408078,Exfoliation_Purchase_Frequency > Monthly,Exfoliation_Purchase_Frequency,Monthly,Character,1p,cpg_demo_0819,26730,cpg_demo_0819
626558140458408079,Exfoliation_Purchase_Frequency > Rarely,Exfoliation_Purchase_Frequency,Rarely,Character,1p,cpg_demo_0819,26730,cpg_demo_0819
626558140458408080,Exfoliation_Purchase_Frequency > Never,Exfoliation_Purchase_Frequency,Never,Character,1p,cpg_demo_0819,26730,cpg_demo_0819
626558140458408081,Exfoliation_Purchase_Frequency > Quarterly,Exfoliation_Purchase_Frequency,Quarterly,Character,1p,cpg_demo_0819,26730,cpg_demo_0819
626558140458408082,Exfoliation_Purchase_Frequency > Weekly,Exfoliation_Purchase_Frequency,Weekly,Character,1p,cpg_demo_0819,26730,cpg_demo_0819
626558140458402389,Home_Fragrance_Spend_Tier > Medium,Home_Fragrance_Spend_Tier,Medium,Character,1p,cpg_demo_0819,26730,cpg_demo_0819
626558140458402390,Home_Fragrance_Spend_Tier > Premium,Home_Fragrance_Spend_Tier,Premium,Character,1p,cpg_demo_0819,26730,cpg_demo_0819
626558140458402391,Home_Fragrance_Spend_Tier > Low,Home_Fragrance_Spend_Tier,Low,Character,1p,cpg_demo_0819,26730,cpg_demo_0819
626558140458402392,Home_Fragrance_Spend_Tier > High,Home_Fragrance_Spend_Tier,High,Character,1p,cpg_demo_0819,26730,cpg_demo_0819
626558140458404186,Teen_Skincare_Product_Buyer > N,Teen_Skincare_Product_Buyer,N,Character,1p,cpg_demo_0819,26730,cpg_demo_0819
626558140458404187,Teen_Skincare_Product_Buyer > Y,Teen_Skincare_Product_Buyer,Y,Character,1p,cpg_demo_0819,26730,cpg_demo_0819
626558140458403959,Primary_Language > Mandarin,Primary_Language,Mandarin,Character,1p,cpg_demo_0819,26730,cpg_demo_0819
626558140458403960,Primary_Language > Spanish,Primary_Language,Spanish,Character,1p,cpg_demo_0819,26730,cpg_demo_0819
626558140458403961,Primary_Language > French,Primary_Language,French,Character,1p,cpg_demo_0819,26730,cpg_demo_0819
626558140458403962,Primary_Language > Other,Primary_Language,Other,Character,1p,cpg_demo_0819,26730,cpg_demo_0819
626558140458403963,Primary_Language > English,Primary_Language,English,Character,1p,cpg_demo_0819,26730,cpg_demo_0819
626558140458407938,Custom_Foundation_Match_Service_User > N,Custom_Foundation_Match_Service_User,N,Character,1p,cpg_demo_0819,26730,cpg_demo_0819
626558140458407939,Custom_Foundation_Match_Service_User > Y,Custom_Foundation_Match_Service_User,Y,Character,1p,cpg_demo_0819,26730,cpg_demo_0819
626558140458401843,La_Roche_Posay_Preference_Score > 3,La_Roche_Posay_Preference_Score,3,Character,1p,cpg_demo_0819,26730,cpg_demo_0819
626558140458401844,La_Roche_Posay_Preference_Score > 1,La_Roche_Posay_Preference_Score,1,Character,1p,cpg_demo_0819,26730,cpg_demo_0819
626558140458401845,La_Roche_Posay_Preference_Score > 2,La_Roche_Posay_Preference_Score,2,Character,1p,cpg_demo_0819,26730,cpg_demo_0819
626558140458401846,La_Roche_Posay_Preference_Score > 5,La_Roche_Posay_Preference_Score,5,Character,1p,cpg_demo_0819,26730,cpg_demo_0819
626558140458401847,La_Roche_Posay_Preference_Score > 8,La_Roche_Posay_Preference_Score,8,Character,1p,cpg_demo_0819,26730,cpg_demo_0819
626558140458401848,La_Roche_Posay_Preference_Score > 4,La_Roche_Posay_Preference_Score,4,Character,1p,cpg_demo_0819,26730,cpg_demo_0819
626558140458401849,La_Roche_Posay_Preference_Score > 9,La_Roche_Posay_Preference_Score,9,Character,1p,cpg_demo_0819,26730,cpg_demo_0819
626558140458401850,La_Roche_Posay_Preference_Score > 10,La_Roche_Posay_Preference_Score,10,Character,1p,cpg_demo_0819,26730,cpg_demo_0819
626558140458401851,La_Roche_Posay_Preference_Score > 6,La_Roche_Posay_Preference_Score,6,Character,1p,cpg_demo_0819,26730,cpg_demo_0819
626558140458401852,La_Roche_Posay_Preference_Score > 7,La_Roche_Posay_Preference_Score,7,Character,1p,cpg_demo_0819,26730,cpg_demo_0819
626558140458406361,Fragrance_Layering_Practice > N,Fragrance_Layering_Practice,N,Character,1p,cpg_demo_0819,26730,cpg_demo_0819
626558140458406362,Fragrance_Layering_Practice > Y,Fragrance_Layering_Practice,Y,Character,1p,cpg_demo_0819,26730,cpg_demo_0819
626558140458406309,Prada_Beauty_Purchase_History > N,Prada_Beauty_Purchase_History,N,Character,1p,cpg_demo_0819,26730,cpg_demo_0819
626558140458406310,Prada_Beauty_Purchase_History > Y,Prada_Beauty_Purchase_History,Y,Character,1p,cpg_demo_0819,26730,cpg_demo_0819
626558140458402482,Matte_Vs_Dewy_Finish_Preference > Natural,Matte_Vs_Dewy_Finish_Preference,Natural,Character,1p,cpg_demo_0819,26730,cpg_demo_0819
626558140458402483,Matte_Vs_Dewy_Finish_Preference > NoPreference,Matte_Vs_Dewy_Finish_Preference,NoPreference,Character,1p,cpg_demo_0819,26730,cpg_demo_0819
626558140458402484,Matte_Vs_Dewy_Finish_Preference > Matte,Matte_Vs_Dewy_Finish_Preference,Matte,Character,1p,cpg_demo_0819,26730,cpg_demo_0819
626558140458402485,Matte_Vs_Dewy_Finish_Preference > Dewy,Matte_Vs_Dewy_Finish_Preference,Dewy,Character,1p,cpg_demo_0819,26730,cpg_demo_0819
626558140458403991,Exfoliation_Spend_Tier > Medium,Exfoliation_Spend_Tier,Medium,Character,1p,cpg_demo_0819,26730,cpg_demo_0819
626558140458403992,Exfoliation_Spend_Tier > Premium,Exfoliation_Spend_Tier,Premium,Character,1p,cpg_demo_0819,26730,cpg_demo_0819
626558140458403993,Exfoliation_Spend_Tier > Low,Exfoliation_Spend_Tier,Low,Character,1p,cpg_demo_0819,26730,cpg_demo_0819
626558140458403994,Exfoliation_Spend_Tier > High,Exfoliation_Spend_Tier,High,Character,1p,cpg_demo_0819,26730,cpg_demo_0819
626558140458404217,Moisturizer_Spend_Tier > Medium,Moisturizer_Spend_Tier,Medium,Character,1p,cpg_demo_0819,26730,cpg_demo_0819
626558140458404218,Moisturizer_Spend_Tier > Premium,Moisturizer_Spend_Tier,Premium,Character,1p,cpg_demo_0819,26730,cpg_demo_0819
626558140458404219,Moisturizer_Spend_Tier > Low,Moisturizer_Spend_Tier,Low,Character,1p,cpg_demo_0819,26730,cpg_demo_0819
626558140458404220,Moisturizer_Spend_Tier > High,Moisturizer_Spend_Tier,High,Character,1p,cpg_demo_0819,26730,cpg_demo_0819
626558140458404065,Mask_Treatment_Spend_Tier > Medium,Mask_Treatment_Spend_Tier,Medium,Character,1p,cpg_demo_0819,26730,cpg_demo_0819
626558140458404066,Mask_Treatment_Spend_Tier > Premium,Mask_Treatment_Spend_Tier,Premium,Character,1p,cpg_demo_0819,26730,cpg_demo_0819
626558140458404067,Mask_Treatment_Spend_Tier > Low,Mask_Treatment_Spend_Tier,Low,Character,1p,cpg_demo_0819,26730,cpg_demo_0819
626558140458404068,Mask_Treatment_Spend_Tier > High,Mask_Treatment_Spend_Tier,High,Character,1p,cpg_demo_0819,26730,cpg_demo_0819
626558140458399959,SkinCeuticals_Preference_Score > 3,SkinCeuticals_Preference_Score,3,Character,1p,cpg_demo_0819,26730,cpg_demo_0819
626558140458399960,SkinCeuticals_Preference_Score > 1,SkinCeuticals_Preference_Score,1,Character,1p,cpg_demo_0819,26730,cpg_demo_0819
626558140458399961,SkinCeuticals_Preference_Score > 2,SkinCeuticals_Preference_Score,2,Character,1p,cpg_demo_0819,26730,cpg_demo_0819
626558140458399962,SkinCeuticals_Preference_Score > 5,SkinCeuticals_Preference_Score,5,Character,1p,cpg_demo_0819,26730,cpg_demo_0819
626558140458399963,SkinCeuticals_Preference_Score > 8,SkinCeuticals_Preference_Score,8,Character,1p,cpg_demo_0819,26730,cpg_demo_0819
626558140458399964,SkinCeuticals_Preference_Score > 4,SkinCeuticals_Preference_Score,4,Character,1p,cpg_demo_0819,26730,cpg_demo_0819
626558140458399965,SkinCeuticals_Preference_Score > 9,SkinCeuticals_Preference_Score,9,Character,1p,cpg_demo_0819,26730,cpg_demo_0819
626558140458399966,SkinCeuticals_Preference_Score > 7,SkinCeuticals_Preference_Score,7,Character,1p,cpg_demo_0819,26730,cpg_demo_0819
626558140458399967,SkinCeuticals_Preference_Score > 6,SkinCeuticals_Preference_Score,6,Character,1p,cpg_demo_0819,26730,cpg_demo_0819
626558140458399968,SkinCeuticals_Preference_Score > 10,SkinCeuticals_Preference_Score,10,Character,1p,cpg_demo_0819,26730,cpg_demo_0819
626558140458407962,Flash_Sale_Purchase_History > N,Flash_Sale_Purchase_History,N,Character,1p,cpg_demo_0819,26730,cpg_demo_0819
626558140458407963,Flash_Sale_Purchase_History > Y,Flash_Sale_Purchase_History,Y,Character,1p,cpg_demo_0819,26730,cpg_demo_0819
626558140458404184,Birthday_Beauty_Gift_Redemption > N,Birthday_Beauty_Gift_Redemption,N,Character,1p,cpg_demo_0819,26730,cpg_demo_0819
626558140458404185,Birthday_Beauty_Gift_Redemption > Y,Birthday_Beauty_Gift_Redemption,Y,Character,1p,cpg_demo_0819,26730,cpg_demo_0819
626558140458406128,Beauty_Product_Bundle_Purchase_Rate > 0.61,Beauty_Product_Bundle_Purchase_Rate,0.61,Character,1p,cpg_demo_0819,26730,cpg_demo_0819
626558140458406129,Beauty_Product_Bundle_Purchase_Rate > 0.59,Beauty_Product_Bundle_Purchase_Rate,0.59,Character,1p,cpg_demo_0819,26730,cpg_demo_0819
626558140458406130,Beauty_Product_Bundle_Purchase_Rate > 0.95,Beauty_Product_Bundle_Purchase_Rate,0.95,Character,1p,cpg_demo_0819,26730,cpg_demo_0819
626558140458406131,Beauty_Product_Bundle_Purchase_Rate > 0.45,Beauty_Product_Bundle_Purchase_Rate,0.45,Character,1p,cpg_demo_0819,26730,cpg_demo_0819
626558140458406132,Beauty_Product_Bundle_Purchase_Rate > 0.07,Beauty_Product_Bundle_Purchase_Rate,0.07,Character,1p,cpg_demo_0819,26730,cpg_demo_0819
626558140458406133,Beauty_Product_Bundle_Purchase_Rate > 0.80,Beauty_Product_Bundle_Purchase_Rate,0.80,Character,1p,cpg_demo_0819,26730,cpg_demo_0819
626558140458406134,Beauty_Product_Bundle_Purchase_Rate > 0.72,Beauty_Product_Bundle_Purchase_Rate,0.72,Character,1p,cpg_demo_0819,26730,cpg_demo_0819
626558140458406135,Beauty_Product_Bundle_Purchase_Rate > 0.86,Beauty_Product_Bundle_Purchase_Rate,0.86,Character,1p,cpg_demo_0819,26730,cpg_demo_0819
626558140458406136,Beauty_Product_Bundle_Purchase_Rate > 0.14,Beauty_Product_Bundle_Purchase_Rate,0.14,Character,1p,cpg_demo_0819,26730,cpg_demo_0819
626558140458406137,Beauty_Product_Bundle_Purchase_Rate > 0.30,Beauty_Product_Bundle_Purchase_Rate,0.30,Character,1p,cpg_demo_0819,26730,cpg_demo_0819
626558140458406138,Beauty_Product_Bundle_Purchase_Rate > 0.75,Beauty_Product_Bundle_Purchase_Rate,0.75,Character,1p,cpg_demo_0819,26730,cpg_demo_0819
626558140458406139,Beauty_Product_Bundle_Purchase_Rate > 0.65,Beauty_Product_Bundle_Purchase_Rate,0.65,Character,1p,cpg_demo_0819,26730,cpg_demo_0819
626558140458406140,Beauty_Product_Bundle_Purchase_Rate > 0.39,Beauty_Product_Bundle_Purchase_Rate,0.39,Character,1p,cpg_demo_0819,26730,cpg_demo_0819
626558140458406141,Beauty_Product_Bundle_Purchase_Rate > 0.58,Beauty_Product_Bundle_Purchase_Rate,0.58,Character,1p,cpg_demo_0819,26730,cpg_demo_0819
626558140458406142,Beauty_Product_Bundle_Purchase_Rate > 0.74,Beauty_Product_Bundle_Purchase_Rate,0.74,Character,1p,cpg_demo_0819,26730,cpg_demo_0819
626558140458406143,Beauty_Product_Bundle_Purchase_Rate > 0.05,Beauty_Product_Bundle_Purchase_Rate,0.05,Character,1p,cpg_demo_0819,26730,cpg_demo_0819
626558140458406144,Beauty_Product_Bundle_Purchase_Rate > 0.33,Beauty_Product_Bundle_Purchase_Rate,0.33,Character,1p,cpg_demo_0819,26730,cpg_demo_0819
626558140458406145,Beauty_Product_Bundle_Purchase_Rate > 0.50,Beauty_Product_Bundle_Purchase_Rate,0.50,Character,1p,cpg_demo_0819,26730,cpg_demo_0819
626558140458406146,Beauty_Product_Bundle_Purchase_Rate > 0.10,Beauty_Product_Bundle_Purchase_Rate,0.10,Character,1p,cpg_demo_0819,26730,cpg_demo_0819
626558140458406147,Beauty_Product_Bundle_Purchase_Rate > 0.13,Beauty_Product_Bundle_Purchase_Rate,0.13,Character,1p,cpg_demo_0819,26730,cpg_demo_0819
626558140458406148,Beauty_Product_Bundle_Purchase_Rate > 0.15,Beauty_Product_Bundle_Purchase_Rate,0.15,Character,1p,cpg_demo_0819,26730,cpg_demo_0819
626558140458406149,Beauty_Product_Bundle_Purchase_Rate > 0.83,Beauty_Product_Bundle_Purchase_Rate,0.83,Character,1p,cpg_demo_0819,26730,cpg_demo_0819
626558140458406150,Beauty_Product_Bundle_Purchase_Rate > 0.24,Beauty_Product_Bundle_Purchase_Rate,0.24,Character,1p,cpg_demo_0819,26730,cpg_demo_0819
626558140458406151,Beauty_Product_Bundle_Purchase_Rate > 0.47,Beauty_Product_Bundle_Purchase_Rate,0.47,Character,1p,cpg_demo_0819,26730,cpg_demo_0819
626558140458406152,Beauty_Product_Bundle_Purchase_Rate > 0.04,Beauty_Product_Bundle_Purchase_Rate,0.04,Character,1p,cpg_demo_0819,26730,cpg_demo_0819
626558140458406153,Beauty_Product_Bundle_Purchase_Rate > 0.57,Beauty_Product_Bundle_Purchase_Rate,0.57,Character,1p,cpg_demo_0819,26730,cpg_demo_0819
626558140458406154,Beauty_Product_Bundle_Purchase_Rate > 0.90,Beauty_Product_Bundle_Purchase_Rate,0.90,Character,1p,cpg_demo_0819,26730,cpg_demo_0819
626558140458406155,Beauty_Product_Bundle_Purchase_Rate > 0.82,Beauty_Product_Bundle_Purchase_Rate,0.82,Character,1p,cpg_demo_0819,26730,cpg_demo_0819
626558140458406156,Beauty_Product_Bundle_Purchase_Rate > 0.87,Beauty_Product_Bundle_Purchase_Rate,0.87,Character,1p,cpg_demo_0819,26730,cpg_demo_0819
626558140458406157,Beauty_Product_Bundle_Purchase_Rate > 0.32,Beauty_Product_Bundle_Purchase_Rate,0.32,Character,1p,cpg_demo_0819,26730,cpg_demo_0819
626558140458406158,Beauty_Product_Bundle_Purchase_Rate > 0.48,Beauty_Product_Bundle_Purchase_Rate,0.48,Character,1p,cpg_demo_0819,26730,cpg_demo_0819
626558140458406159,Beauty_Product_Bundle_Purchase_Rate > 0.08,Beauty_Product_Bundle_Purchase_Rate,0.08,Character,1p,cpg_demo_0819,26730,cpg_demo_0819
626558140458406160,Beauty_Product_Bundle_Purchase_Rate > 0.94,Beauty_Product_Bundle_Purchase_Rate,0.94,Character,1p,cpg_demo_0819,26730,cpg_demo_0819
626558140458406161,Beauty_Product_Bundle_Purchase_Rate > 0.19,Beauty_Product_Bundle_Purchase_Rate,0.19,Character,1p,cpg_demo_0819,26730,cpg_demo_0819
626558140458406162,Beauty_Product_Bundle_Purchase_Rate > 0.91,Beauty_Product_Bundle_Purchase_Rate,0.91,Character,1p,cpg_demo_0819,26730,cpg_demo_0819
626558140458406163,Beauty_Product_Bundle_Purchase_Rate > 0.17,Beauty_Product_Bundle_Purchase_Rate,0.17,Character,1p,cpg_demo_0819,26730,cpg_demo_0819
626558140458406164,Beauty_Product_Bundle_Purchase_Rate > 0.73,Beauty_Product_Bundle_Purchase_Rate,0.73,Character,1p,cpg_demo_0819,26730,cpg_demo_0819
626558140458406165,Beauty_Product_Bundle_Purchase_Rate > 0.68,Beauty_Product_Bundle_Purchase_Rate,0.68,Character,1p,cpg_demo_0819,26730,cpg_demo_0819
626558140458406166,Beauty_Product_Bundle_Purchase_Rate > 0.00,Beauty_Product_Bundle_Purchase_Rate,0.00,Character,1p,cpg_demo_0819,26730,cpg_demo_0819
626558140458406167,Beauty_Product_Bundle_Purchase_Rate > 0.92,Beauty_Product_Bundle_Purchase_Rate,0.92,Character,1p,cpg_demo_0819,26730,cpg_demo_0819
626558140458406168,Beauty_Product_Bundle_Purchase_Rate > 0.93,Beauty_Product_Bundle_Purchase_Rate,0.93,Character,1p,cpg_demo_0819,26730,cpg_demo_0819
626558140458406169,Beauty_Product_Bundle_Purchase_Rate > 0.98,Beauty_Product_Bundle_Purchase_Rate,0.98,Character,1p,cpg_demo_0819,26730,cpg_demo_0819
626558140458406170,Beauty_Product_Bundle_Purchase_Rate > 0.54,Beauty_Product_Bundle_Purchase_Rate,0.54,Character,1p,cpg_demo_0819,26730,cpg_demo_0819
626558140458406171,Beauty_Product_Bundle_Purchase_Rate > 0.25,Beauty_Product_Bundle_Purchase_Rate,0.25,Character,1p,cpg_demo_0819,26730,cpg_demo_0819
626558140458406172,Beauty_Product_Bundle_Purchase_Rate > 0.43,Beauty_Product_Bundle_Purchase_Rate,0.43,Character,1p,cpg_demo_0819,26730,cpg_demo_0819
626558140458406173,Beauty_Product_Bundle_Purchase_Rate > 0.69,Beauty_Product_Bundle_Purchase_Rate,0.69,Character,1p,cpg_demo_0819,26730,cpg_demo_0819
626558140458406174,Beauty_Product_Bundle_Purchase_Rate > 0.21,Beauty_Product_Bundle_Purchase_Rate,0.21,Character,1p,cpg_demo_0819,26730,cpg_demo_0819
626558140458406175,Beauty_Product_Bundle_Purchase_Rate > 0.44,Beauty_Product_Bundle_Purchase_Rate,0.44,Character,1p,cpg_demo_0819,26730,cpg_demo_0819
626558140458406176,Beauty_Product_Bundle_Purchase_Rate > 0.36,Beauty_Product_Bundle_Purchase_Rate,0.36,Character,1p,cpg_demo_0819,26730,cpg_demo_0819
626558140458406177,Beauty_Product_Bundle_Purchase_Rate > 0.38,Beauty_Product_Bundle_Purchase_Rate,0.38,Character,1p,cpg_demo_0819,26730,cpg_demo_0819
626558140458406178,Beauty_Product_Bundle_Purchase_Rate > 0.85,Beauty_Product_Bundle_Purchase_Rate,0.85,Character,1p,cpg_demo_0819,26730,cpg_demo_0819
626558140458406179,Beauty_Product_Bundle_Purchase_Rate > 0.60,Beauty_Product_Bundle_Purchase_Rate,0.60,Character,1p,cpg_demo_0819,26730,cpg_demo_0819
626558140458406180,Beauty_Product_Bundle_Purchase_Rate > 0.02,Beauty_Product_Bundle_Purchase_Rate,0.02,Character,1p,cpg_demo_0819,26730,cpg_demo_0819
626558140458406181,Beauty_Product_Bundle_Purchase_Rate > 0.20,Beauty_Product_Bundle_Purchase_Rate,0.20,Character,1p,cpg_demo_0819,26730,cpg_demo_0819
626558140458406182,Beauty_Product_Bundle_Purchase_Rate > 0.12,Beauty_Product_Bundle_Purchase_Rate,0.12,Character,1p,cpg_demo_0819,26730,cpg_demo_0819
626558140458406183,Beauty_Product_Bundle_Purchase_Rate > 0.27,Beauty_Product_Bundle_Purchase_Rate,0.27,Character,1p,cpg_demo_0819,26730,cpg_demo_0819
626558140458406184,Beauty_Product_Bundle_Purchase_Rate > 0.09,Beauty_Product_Bundle_Purchase_Rate,0.09,Character,1p,cpg_demo_0819,26730,cpg_demo_0819
626558140458406185,Beauty_Product_Bundle_Purchase_Rate > 0.35,Beauty_Product_Bundle_Purchase_Rate,0.35,Character,1p,cpg_demo_0819,26730,cpg_demo_0819
626558140458406186,Beauty_Product_Bundle_Purchase_Rate > 0.46,Beauty_Product_Bundle_Purchase_Rate,0.46,Character,1p,cpg_demo_0819,26730,cpg_demo_0819
626558140458406187,Beauty_Product_Bundle_Purchase_Rate > 0.77,Beauty_Product_Bundle_Purchase_Rate,0.77,Character,1p,cpg_demo_0819,26730,cpg_demo_0819
626558140458406188,Beauty_Product_Bundle_Purchase_Rate > 0.31,Beauty_Product_Bundle_Purchase_Rate,0.31,Character,1p,cpg_demo_0819,26730,cpg_demo_0819
626558140458406189,Beauty_Product_Bundle_Purchase_Rate > 0.89,Beauty_Product_Bundle_Purchase_Rate,0.89,Character,1p,cpg_demo_0819,26730,cpg_demo_0819
626558140458406190,Beauty_Product_Bundle_Purchase_Rate > 0.22,Beauty_Product_Bundle_Purchase_Rate,0.22,Character,1p,cpg_demo_0819,26730,cpg_demo_0819
626558140458406191,Beauty_Product_Bundle_Purchase_Rate > 0.26,Beauty_Product_Bundle_Purchase_Rate,0.26,Character,1p,cpg_demo_0819,26730,cpg_demo_0819
626558140458406192,Beauty_Product_Bundle_Purchase_Rate > 0.79,Beauty_Product_Bundle_Purchase_Rate,0.79,Character,1p,cpg_demo_0819,26730,cpg_demo_0819
626558140458406193,Beauty_Product_Bundle_Purchase_Rate > 0.67,Beauty_Product_Bundle_Purchase_Rate,0.67,Character,1p,cpg_demo_0819,26730,cpg_demo_0819
626558140458406194,Beauty_Product_Bundle_Purchase_Rate > 0.81,Beauty_Product_Bundle_Purchase_Rate,0.81,Character,1p,cpg_demo_0819,26730,cpg_demo_0819
626558140458406195,Beauty_Product_Bundle_Purchase_Rate > 0.66,Beauty_Product_Bundle_Purchase_Rate,0.66,Character,1p,cpg_demo_0819,26730,cpg_demo_0819
626558140458406196,Beauty_Product_Bundle_Purchase_Rate > 0.71,Beauty_Product_Bundle_Purchase_Rate,0.71,Character,1p,cpg_demo_0819,26730,cpg_demo_0819
626558140458406197,Beauty_Product_Bundle_Purchase_Rate > 0.53,Beauty_Product_Bundle_Purchase_Rate,0.53,Character,1p,cpg_demo_0819,26730,cpg_demo_0819
626558140458406198,Beauty_Product_Bundle_Purchase_Rate > 0.55,Beauty_Product_Bundle_Purchase_Rate,0.55,Character,1p,cpg_demo_0819,26730,cpg_demo_0819
626558140458406199,Beauty_Product_Bundle_Purchase_Rate > 0.63,Beauty_Product_Bundle_Purchase_Rate,0.63,Character,1p,cpg_demo_0819,26730,cpg_demo_0819
626558140458406200,Beauty_Product_Bundle_Purchase_Rate > 0.76,Beauty_Product_Bundle_Purchase_Rate,0.76,Character,1p,cpg_demo_0819,26730,cpg_demo_0819
626558140458406201,Beauty_Product_Bundle_Purchase_Rate > 0.29,Beauty_Product_Bundle_Purchase_Rate,0.29,Character,1p,cpg_demo_0819,26730,cpg_demo_0819
626558140458406202,Beauty_Product_Bundle_Purchase_Rate > 1.00,Beauty_Product_Bundle_Purchase_Rate,1.00,Character,1p,cpg_demo_0819,26730,cpg_demo_0819
626558140458406203,Beauty_Product_Bundle_Purchase_Rate > 0.96,Beauty_Product_Bundle_Purchase_Rate,0.96,Character,1p,cpg_demo_0819,26730,cpg_demo_0819
626558140458406204,Beauty_Product_Bundle_Purchase_Rate > 0.56,Beauty_Product_Bundle_Purchase_Rate,0.56,Character,1p,cpg_demo_0819,26730,cpg_demo_0819
626558140458406205,Beauty_Product_Bundle_Purchase_Rate > 0.11,Beauty_Product_Bundle_Purchase_Rate,0.11,Character,1p,cpg_demo_0819,26730,cpg_demo_0819
626558140458406206,Beauty_Product_Bundle_Purchase_Rate > 0.49,Beauty_Product_Bundle_Purchase_Rate,0.49,Character,1p,cpg_demo_0819,26730,cpg_demo_0819
626558140458406207,Beauty_Product_Bundle_Purchase_Rate > 0.16,Beauty_Product_Bundle_Purchase_Rate,0.16,Character,1p,cpg_demo_0819,26730,cpg_demo_0819
626558140458406208,Beauty_Product_Bundle_Purchase_Rate > 0.52,Beauty_Product_Bundle_Purchase_Rate,0.52,Character,1p,cpg_demo_0819,26730,cpg_demo_0819
626558140458406209,Beauty_Product_Bundle_Purchase_Rate > 0.28,Beauty_Product_Bundle_Purchase_Rate,0.28,Character,1p,cpg_demo_0819,26730,cpg_demo_0819
626558140458406210,Beauty_Product_Bundle_Purchase_Rate > 0.18,Beauty_Product_Bundle_Purchase_Rate,0.18,Character,1p,cpg_demo_0819,26730,cpg_demo_0819
626558140458406211,Beauty_Product_Bundle_Purchase_Rate > 0.99,Beauty_Product_Bundle_Purchase_Rate,0.99,Character,1p,cpg_demo_0819,26730,cpg_demo_0819
626558140458406212,Beauty_Product_Bundle_Purchase_Rate > 0.97,Beauty_Product_Bundle_Purchase_Rate,0.97,Character,1p,cpg_demo_0819,26730,cpg_demo_0819
626558140458406213,Beauty_Product_Bundle_Purchase_Rate > 0.42,Beauty_Product_Bundle_Purchase_Rate,0.42,Character,1p,cpg_demo_0819,26730,cpg_demo_0819
626558140458406214,Beauty_Product_Bundle_Purchase_Rate > 0.37,Beauty_Product_Bundle_Purchase_Rate,0.37,Character,1p,cpg_demo_0819,26730,cpg_demo_0819
626558140458406215,Beauty_Product_Bundle_Purchase_Rate > 0.70,Beauty_Product_Bundle_Purchase_Rate,0.70,Character,1p,cpg_demo_0819,26730,cpg_demo_0819
626558140458406216,Beauty_Product_Bundle_Purchase_Rate > 0.40,Beauty_Product_Bundle_Purchase_Rate,0.40,Character,1p,cpg_demo_0819,26730,cpg_demo_0819
626558140458406217,Beauty_Product_Bundle_Purchase_Rate > 0.03,Beauty_Product_Bundle_Purchase_Rate,0.03,Character,1p,cpg_demo_0819,26730,cpg_demo_0819
626558140458406218,Beauty_Product_Bundle_Purchase_Rate > 0.84,Beauty_Product_Bundle_Purchase_Rate,0.84,Character,1p,cpg_demo_0819,26730,cpg_demo_0819
626558140458406219,Beauty_Product_Bundle_Purchase_Rate > 0.51,Beauty_Product_Bundle_Purchase_Rate,0.51,Character,1p,cpg_demo_0819,26730,cpg_demo_0819
626558140458406220,Beauty_Product_Bundle_Purchase_Rate > 0.78,Beauty_Product_Bundle_Purchase_Rate,0.78,Character,1p,cpg_demo_0819,26730,cpg_demo_0819
626558140458406221,Beauty_Product_Bundle_Purchase_Rate > 0.01,Beauty_Product_Bundle_Purchase_Rate,0.01,Character,1p,cpg_demo_0819,26730,cpg_demo_0819
626558140458406222,Beauty_Product_Bundle_Purchase_Rate > 0.23,Beauty_Product_Bundle_Purchase_Rate,0.23,Character,1p,cpg_demo_0819,26730,cpg_demo_0819
626558140458406223,Beauty_Product_Bundle_Purchase_Rate > 0.06,Beauty_Product_Bundle_Purchase_Rate,0.06,Character,1p,cpg_demo_0819,26730,cpg_demo_0819
626558140458406224,Beauty_Product_Bundle_Purchase_Rate > 0.34,Beauty_Product_Bundle_Purchase_Rate,0.34,Character,1p,cpg_demo_0819,26730,cpg_demo_0819
626558140458406225,Beauty_Product_Bundle_Purchase_Rate > 0.64,Beauty_Product_Bundle_Purchase_Rate,0.64,Character,1p,cpg_demo_0819,26730,cpg_demo_0819
626558140458406226,Beauty_Product_Bundle_Purchase_Rate > 0.41,Beauty_Product_Bundle_Purchase_Rate,0.41,Character,1p,cpg_demo_0819,26730,cpg_demo_0819
626558140458406227,Beauty_Product_Bundle_Purchase_Rate > 0.62,Beauty_Product_Bundle_Purchase_Rate,0.62,Character,1p,cpg_demo_0819,26730,cpg_demo_0819
626558140458406228,Beauty_Product_Bundle_Purchase_Rate > 0.88,Beauty_Product_Bundle_Purchase_Rate,0.88,Character,1p,cpg_demo_0819,26730,cpg_demo_0819
626558140458401817,LOreal_Paris_Purchase_History > N,LOreal_Paris_Purchase_History,N,Character,1p,cpg_demo_0819,26730,cpg_demo_0819
626558140458401818,LOreal_Paris_Purchase_History > Y,LOreal_Paris_Purchase_History,Y,Character,1p,cpg_demo_0819,26730,cpg_demo_0819
626558140458402412,Gift_With_Purchase_Responsiveness > N,Gift_With_Purchase_Responsiveness,N,Character,1p,cpg_demo_0819,26730,cpg_demo_0819
626558140458402413,Gift_With_Purchase_Responsiveness > Y,Gift_With_Purchase_Responsiveness,Y,Character,1p,cpg_demo_0819,26730,cpg_demo_0819
626558140458406329,Occupation_Category > SelfEmployed,Occupation_Category,SelfEmployed,Character,1p,cpg_demo_0819,26730,cpg_demo_0819
626558140458406330,Occupation_Category > BlueCollar,Occupation_Category,BlueCollar,Character,1p,cpg_demo_0819,26730,cpg_demo_0819
626558140458406331,Occupation_Category > Student,Occupation_Category,Student,Character,1p,cpg_demo_0819,26730,cpg_demo_0819
626558140458406332,Occupation_Category > Education,Occupation_Category,Education,Character,1p,cpg_demo_0819,26730,cpg_demo_0819
626558140458406333,Occupation_Category > Healthcare,Occupation_Category,Healthcare,Character,1p,cpg_demo_0819,26730,cpg_demo_0819
626558140458406334,Occupation_Category > Retired,Occupation_Category,Retired,Character,1p,cpg_demo_0819,26730,cpg_demo_0819
626558140458406335,Occupation_Category > WhiteCollar,Occupation_Category,WhiteCollar,Character,1p,cpg_demo_0819,26730,cpg_demo_0819
626558140458406336,Occupation_Category > Retail,Occupation_Category,Retail,Character,1p,cpg_demo_0819,26730,cpg_demo_0819
626558140458406337,Occupation_Category > Technology,Occupation_Category,Technology,Character,1p,cpg_demo_0819,26730,cpg_demo_0819
626558140458406338,Occupation_Category > Government,Occupation_Category,Government,Character,1p,cpg_demo_0819,26730,cpg_demo_0819
626558140458408026,Loyalty_Program_Member > N,Loyalty_Program_Member,N,Character,1p,cpg_demo_0819,26730,cpg_demo_0819
626558140458408027,Loyalty_Program_Member > Y,Loyalty_Program_Member,Y,Character,1p,cpg_demo_0819,26730,cpg_demo_0819
626558140458402455,Deodorant_Antiperspirant_Brand_Loyalty_Score > 3,Deodorant_Antiperspirant_Brand_Loyalty_Score,3,Character,1p,cpg_demo_0819,26730,cpg_demo_0819
626558140458402456,Deodorant_Antiperspirant_Brand_Loyalty_Score > 1,Deodorant_Antiperspirant_Brand_Loyalty_Score,1,Character,1p,cpg_demo_0819,26730,cpg_demo_0819
626558140458402457,Deodorant_Antiperspirant_Brand_Loyalty_Score > 2,Deodorant_Antiperspirant_Brand_Loyalty_Score,2,Character,1p,cpg_demo_0819,26730,cpg_demo_0819
626558140458402458,Deodorant_Antiperspirant_Brand_Loyalty_Score > 5,Deodorant_Antiperspirant_Brand_Loyalty_Score,5,Character,1p,cpg_demo_0819,26730,cpg_demo_0819
626558140458402459,Deodorant_Antiperspirant_Brand_Loyalty_Score > 8,Deodorant_Antiperspirant_Brand_Loyalty_Score,8,Character,1p,cpg_demo_0819,26730,cpg_demo_0819
626558140458402460,Deodorant_Antiperspirant_Brand_Loyalty_Score > 4,Deodorant_Antiperspirant_Brand_Loyalty_Score,4,Character,1p,cpg_demo_0819,26730,cpg_demo_0819
626558140458402461,Deodorant_Antiperspirant_Brand_Loyalty_Score > 9,Deodorant_Antiperspirant_Brand_Loyalty_Score,9,Character,1p,cpg_demo_0819,26730,cpg_demo_0819
626558140458402462,Deodorant_Antiperspirant_Brand_Loyalty_Score > 7,Deodorant_Antiperspirant_Brand_Loyalty_Score,7,Character,1p,cpg_demo_0819,26730,cpg_demo_0819
626558140458402463,Deodorant_Antiperspirant_Brand_Loyalty_Score > 6,Deodorant_Antiperspirant_Brand_Loyalty_Score,6,Character,1p,cpg_demo_0819,26730,cpg_demo_0819
626558140458402464,Deodorant_Antiperspirant_Brand_Loyalty_Score > 10,Deodorant_Antiperspirant_Brand_Loyalty_Score,10,Character,1p,cpg_demo_0819,26730,cpg_demo_0819
626558140458406052,Facial_Treatment_Service_User > N,Facial_Treatment_Service_User,N,Character,1p,cpg_demo_0819,26730,cpg_demo_0819
626558140458406053,Facial_Treatment_Service_User > Y,Facial_Treatment_Service_User,Y,Character,1p,cpg_demo_0819,26730,cpg_demo_0819
626558140458402556,Viktor_Rolf_Purchase_History > N,Viktor_Rolf_Purchase_History,N,Character,1p,cpg_demo_0819,26730,cpg_demo_0819
626558140458402557,Viktor_Rolf_Purchase_History > Y,Viktor_Rolf_Purchase_History,Y,Character,1p,cpg_demo_0819,26730,cpg_demo_0819
626558140458404071,Full_Price_Purchase_Ratio > 0.61,Full_Price_Purchase_Ratio,0.61,Character,1p,cpg_demo_0819,26730,cpg_demo_0819
626558140458404072,Full_Price_Purchase_Ratio > 0.59,Full_Price_Purchase_Ratio,0.59,Character,1p,cpg_demo_0819,26730,cpg_demo_0819
626558140458404073,Full_Price_Purchase_Ratio > 0.95,Full_Price_Purchase_Ratio,0.95,Character,1p,cpg_demo_0819,26730,cpg_demo_0819
626558140458404074,Full_Price_Purchase_Ratio > 0.45,Full_Price_Purchase_Ratio,0.45,Character,1p,cpg_demo_0819,26730,cpg_demo_0819
626558140458404075,Full_Price_Purchase_Ratio > 0.07,Full_Price_Purchase_Ratio,0.07,Character,1p,cpg_demo_0819,26730,cpg_demo_0819
626558140458404076,Full_Price_Purchase_Ratio > 0.80,Full_Price_Purchase_Ratio,0.80,Character,1p,cpg_demo_0819,26730,cpg_demo_0819
626558140458404077,Full_Price_Purchase_Ratio > 0.72,Full_Price_Purchase_Ratio,0.72,Character,1p,cpg_demo_0819,26730,cpg_demo_0819
626558140458404078,Full_Price_Purchase_Ratio > 0.86,Full_Price_Purchase_Ratio,0.86,Character,1p,cpg_demo_0819,26730,cpg_demo_0819
626558140458404079,Full_Price_Purchase_Ratio > 0.30,Full_Price_Purchase_Ratio,0.30,Character,1p,cpg_demo_0819,26730,cpg_demo_0819
626558140458404080,Full_Price_Purchase_Ratio > 0.14,Full_Price_Purchase_Ratio,0.14,Character,1p,cpg_demo_0819,26730,cpg_demo_0819
626558140458404081,Full_Price_Purchase_Ratio > 0.75,Full_Price_Purchase_Ratio,0.75,Character,1p,cpg_demo_0819,26730,cpg_demo_0819
626558140458404082,Full_Price_Purchase_Ratio > 0.65,Full_Price_Purchase_Ratio,0.65,Character,1p,cpg_demo_0819,26730,cpg_demo_0819
626558140458404083,Full_Price_Purchase_Ratio > 0.39,Full_Price_Purchase_Ratio,0.39,Character,1p,cpg_demo_0819,26730,cpg_demo_0819
626558140458404084,Full_Price_Purchase_Ratio > 0.58,Full_Price_Purchase_Ratio,0.58,Character,1p,cpg_demo_0819,26730,cpg_demo_0819
626558140458404085,Full_Price_Purchase_Ratio > 0.74,Full_Price_Purchase_Ratio,0.74,Character,1p,cpg_demo_0819,26730,cpg_demo_0819
626558140458404086,Full_Price_Purchase_Ratio > 0.05,Full_Price_Purchase_Ratio,0.05,Character,1p,cpg_demo_0819,26730,cpg_demo_0819
626558140458404087,Full_Price_Purchase_Ratio > 0.33,Full_Price_Purchase_Ratio,0.33,Character,1p,cpg_demo_0819,26730,cpg_demo_0819
626558140458404088,Full_Price_Purchase_Ratio > 0.50,Full_Price_Purchase_Ratio,0.50,Character,1p,cpg_demo_0819,26730,cpg_demo_0819
626558140458404089,Full_Price_Purchase_Ratio > 0.10,Full_Price_Purchase_Ratio,0.10,Character,1p,cpg_demo_0819,26730,cpg_demo_0819
626558140458404090,Full_Price_Purchase_Ratio > 0.13,Full_Price_Purchase_Ratio,0.13,Character,1p,cpg_demo_0819,26730,cpg_demo_0819
626558140458404091,Full_Price_Purchase_Ratio > 0.15,Full_Price_Purchase_Ratio,0.15,Character,1p,cpg_demo_0819,26730,cpg_demo_0819
626558140458404092,Full_Price_Purchase_Ratio > 0.83,Full_Price_Purchase_Ratio,0.83,Character,1p,cpg_demo_0819,26730,cpg_demo_0819
626558140458404093,Full_Price_Purchase_Ratio > 0.47,Full_Price_Purchase_Ratio,0.47,Character,1p,cpg_demo_0819,26730,cpg_demo_0819
626558140458404094,Full_Price_Purchase_Ratio > 0.24,Full_Price_Purchase_Ratio,0.24,Character,1p,cpg_demo_0819,26730,cpg_demo_0819
626558140458404095,Full_Price_Purchase_Ratio > 0.04,Full_Price_Purchase_Ratio,0.04,Character,1p,cpg_demo_0819,26730,cpg_demo_0819
626558140458404096,Full_Price_Purchase_Ratio > 0.57,Full_Price_Purchase_Ratio,0.57,Character,1p,cpg_demo_0819,26730,cpg_demo_0819
626558140458404097,Full_Price_Purchase_Ratio > 0.90,Full_Price_Purchase_Ratio,0.90,Character,1p,cpg_demo_0819,26730,cpg_demo_0819
626558140458404098,Full_Price_Purchase_Ratio > 0.82,Full_Price_Purchase_Ratio,0.82,Character,1p,cpg_demo_0819,26730,cpg_demo_0819
626558140458404099,Full_Price_Purchase_Ratio > 0.87,Full_Price_Purchase_Ratio,0.87,Character,1p,cpg_demo_0819,26730,cpg_demo_0819
626558140458404100,Full_Price_Purchase_Ratio > 0.32,Full_Price_Purchase_Ratio,0.32,Character,1p,cpg_demo_0819,26730,cpg_demo_0819
626558140458404101,Full_Price_Purchase_Ratio > 0.48,Full_Price_Purchase_Ratio,0.48,Character,1p,cpg_demo_0819,26730,cpg_demo_0819
626558140458404102,Full_Price_Purchase_Ratio > 0.08,Full_Price_Purchase_Ratio,0.08,Character,1p,cpg_demo_0819,26730,cpg_demo_0819
626558140458404103,Full_Price_Purchase_Ratio > 0.94,Full_Price_Purchase_Ratio,0.94,Character,1p,cpg_demo_0819,26730,cpg_demo_0819
626558140458404104,Full_Price_Purchase_Ratio > 0.19,Full_Price_Purchase_Ratio,0.19,Character,1p,cpg_demo_0819,26730,cpg_demo_0819
626558140458404105,Full_Price_Purchase_Ratio > 0.91,Full_Price_Purchase_Ratio,0.91,Character,1p,cpg_demo_0819,26730,cpg_demo_0819
626558140458404106,Full_Price_Purchase_Ratio > 0.17,Full_Price_Purchase_Ratio,0.17,Character,1p,cpg_demo_0819,26730,cpg_demo_0819
626558140458404107,Full_Price_Purchase_Ratio > 0.73,Full_Price_Purchase_Ratio,0.73,Character,1p,cpg_demo_0819,26730,cpg_demo_0819
626558140458404108,Full_Price_Purchase_Ratio > 0.93,Full_Price_Purchase_Ratio,0.93,Character,1p,cpg_demo_0819,26730,cpg_demo_0819
626558140458404109,Full_Price_Purchase_Ratio > 0.00,Full_Price_Purchase_Ratio,0.00,Character,1p,cpg_demo_0819,26730,cpg_demo_0819
626558140458404110,Full_Price_Purchase_Ratio > 0.92,Full_Price_Purchase_Ratio,0.92,Character,1p,cpg_demo_0819,26730,cpg_demo_0819
626558140458404111,Full_Price_Purchase_Ratio > 0.68,Full_Price_Purchase_Ratio,0.68,Character,1p,cpg_demo_0819,26730,cpg_demo_0819
626558140458404112,Full_Price_Purchase_Ratio > 0.98,Full_Price_Purchase_Ratio,0.98,Character,1p,cpg_demo_0819,26730,cpg_demo_0819
626558140458404113,Full_Price_Purchase_Ratio > 0.54,Full_Price_Purchase_Ratio,0.54,Character,1p,cpg_demo_0819,26730,cpg_demo_0819
626558140458404114,Full_Price_Purchase_Ratio > 0.25,Full_Price_Purchase_Ratio,0.25,Character,1p,cpg_demo_0819,26730,cpg_demo_0819
626558140458404115,Full_Price_Purchase_Ratio > 0.43,Full_Price_Purchase_Ratio,0.43,Character,1p,cpg_demo_0819,26730,cpg_demo_0819
626558140458404116,Full_Price_Purchase_Ratio > 0.69,Full_Price_Purchase_Ratio,0.69,Character,1p,cpg_demo_0819,26730,cpg_demo_0819
626558140458404117,Full_Price_Purchase_Ratio > 0.21,Full_Price_Purchase_Ratio,0.21,Character,1p,cpg_demo_0819,26730,cpg_demo_0819
626558140458404118,Full_Price_Purchase_Ratio > 0.44,Full_Price_Purchase_Ratio,0.44,Character,1p,cpg_demo_0819,26730,cpg_demo_0819
626558140458404119,Full_Price_Purchase_Ratio > 0.36,Full_Price_Purchase_Ratio,0.36,Character,1p,cpg_demo_0819,26730,cpg_demo_0819
626558140458404120,Full_Price_Purchase_Ratio > 0.38,Full_Price_Purchase_Ratio,0.38,Character,1p,cpg_demo_0819,26730,cpg_demo_0819
626558140458404121,Full_Price_Purchase_Ratio > 0.85,Full_Price_Purchase_Ratio,0.85,Character,1p,cpg_demo_0819,26730,cpg_demo_0819
626558140458404122,Full_Price_Purchase_Ratio > 0.60,Full_Price_Purchase_Ratio,0.60,Character,1p,cpg_demo_0819,26730,cpg_demo_0819
626558140458404123,Full_Price_Purchase_Ratio > 0.20,Full_Price_Purchase_Ratio,0.20,Character,1p,cpg_demo_0819,26730,cpg_demo_0819
626558140458404124,Full_Price_Purchase_Ratio > 0.02,Full_Price_Purchase_Ratio,0.02,Character,1p,cpg_demo_0819,26730,cpg_demo_0819
626558140458404125,Full_Price_Purchase_Ratio > 0.12,Full_Price_Purchase_Ratio,0.12,Character,1p,cpg_demo_0819,26730,cpg_demo_0819
626558140458404126,Full_Price_Purchase_Ratio > 0.27,Full_Price_Purchase_Ratio,0.27,Character,1p,cpg_demo_0819,26730,cpg_demo_0819
626558140458404127,Full_Price_Purchase_Ratio > 0.09,Full_Price_Purchase_Ratio,0.09,Character,1p,cpg_demo_0819,26730,cpg_demo_0819
626558140458404128,Full_Price_Purchase_Ratio > 0.35,Full_Price_Purchase_Ratio,0.35,Character,1p,cpg_demo_0819,26730,cpg_demo_0819
626558140458404129,Full_Price_Purchase_Ratio > 0.46,Full_Price_Purchase_Ratio,0.46,Character,1p,cpg_demo_0819,26730,cpg_demo_0819
626558140458404130,Full_Price_Purchase_Ratio > 0.77,Full_Price_Purchase_Ratio,0.77,Character,1p,cpg_demo_0819,26730,cpg_demo_0819
626558140458404131,Full_Price_Purchase_Ratio > 0.31,Full_Price_Purchase_Ratio,0.31,Character,1p,cpg_demo_0819,26730,cpg_demo_0819
626558140458404132,Full_Price_Purchase_Ratio > 0.89,Full_Price_Purchase_Ratio,0.89,Character,1p,cpg_demo_0819,26730,cpg_demo_0819
626558140458404133,Full_Price_Purchase_Ratio > 0.22,Full_Price_Purchase_Ratio,0.22,Character,1p,cpg_demo_0819,26730,cpg_demo_0819
626558140458404134,Full_Price_Purchase_Ratio > 0.26,Full_Price_Purchase_Ratio,0.26,Character,1p,cpg_demo_0819,26730,cpg_demo_0819
626558140458404135,Full_Price_Purchase_Ratio > 0.79,Full_Price_Purchase_Ratio,0.79,Character,1p,cpg_demo_0819,26730,cpg_demo_0819
626558140458404136,Full_Price_Purchase_Ratio > 0.67,Full_Price_Purchase_Ratio,0.67,Character,1p,cpg_demo_0819,26730,cpg_demo_0819
626558140458404137,Full_Price_Purchase_Ratio > 0.81,Full_Price_Purchase_Ratio,0.81,Character,1p,cpg_demo_0819,26730,cpg_demo_0819
626558140458404138,Full_Price_Purchase_Ratio > 0.66,Full_Price_Purchase_Ratio,0.66,Character,1p,cpg_demo_0819,26730,cpg_demo_0819
626558140458404139,Full_Price_Purchase_Ratio > 0.71,Full_Price_Purchase_Ratio,0.71,Character,1p,cpg_demo_0819,26730,cpg_demo_0819
626558140458404140,Full_Price_Purchase_Ratio > 0.53,Full_Price_Purchase_Ratio,0.53,Character,1p,cpg_demo_0819,26730,cpg_demo_0819
626558140458404141,Full_Price_Purchase_Ratio > 0.55,Full_Price_Purchase_Ratio,0.55,Character,1p,cpg_demo_0819,26730,cpg_demo_0819
626558140458404142,Full_Price_Purchase_Ratio > 0.63,Full_Price_Purchase_Ratio,0.63,Character,1p,cpg_demo_0819,26730,cpg_demo_0819
626558140458404143,Full_Price_Purchase_Ratio > 0.76,Full_Price_Purchase_Ratio,0.76,Character,1p,cpg_demo_0819,26730,cpg_demo_0819
626558140458404144,Full_Price_Purchase_Ratio > 0.29,Full_Price_Purchase_Ratio,0.29,Character,1p,cpg_demo_0819,26730,cpg_demo_0819
626558140458404145,Full_Price_Purchase_Ratio > 1.00,Full_Price_Purchase_Ratio,1.00,Character,1p,cpg_demo_0819,26730,cpg_demo_0819
626558140458404146,Full_Price_Purchase_Ratio > 0.96,Full_Price_Purchase_Ratio,0.96,Character,1p,cpg_demo_0819,26730,cpg_demo_0819
626558140458404147,Full_Price_Purchase_Ratio > 0.56,Full_Price_Purchase_Ratio,0.56,Character,1p,cpg_demo_0819,26730,cpg_demo_0819
626558140458404148,Full_Price_Purchase_Ratio > 0.49,Full_Price_Purchase_Ratio,0.49,Character,1p,cpg_demo_0819,26730,cpg_demo_0819
626558140458404149,Full_Price_Purchase_Ratio > 0.11,Full_Price_Purchase_Ratio,0.11,Character,1p,cpg_demo_0819,26730,cpg_demo_0819
626558140458404150,Full_Price_Purchase_Ratio > 0.52,Full_Price_Purchase_Ratio,0.52,Character,1p,cpg_demo_0819,26730,cpg_demo_0819
626558140458404151,Full_Price_Purchase_Ratio > 0.16,Full_Price_Purchase_Ratio,0.16,Character,1p,cpg_demo_0819,26730,cpg_demo_0819
626558140458404152,Full_Price_Purchase_Ratio > 0.28,Full_Price_Purchase_Ratio,0.28,Character,1p,cpg_demo_0819,26730,cpg_demo_0819
626558140458404153,Full_Price_Purchase_Ratio > 0.18,Full_Price_Purchase_Ratio,0.18,Character,1p,cpg_demo_0819,26730,cpg_demo_0819
626558140458404154,Full_Price_Purchase_Ratio > 0.99,Full_Price_Purchase_Ratio,0.99,Character,1p,cpg_demo_0819,26730,cpg_demo_0819
626558140458404155,Full_Price_Purchase_Ratio > 0.42,Full_Price_Purchase_Ratio,0.42,Character,1p,cpg_demo_0819,26730,cpg_demo_0819
626558140458404156,Full_Price_Purchase_Ratio > 0.97,Full_Price_Purchase_Ratio,0.97,Character,1p,cpg_demo_0819,26730,cpg_demo_0819
626558140458404157,Full_Price_Purchase_Ratio > 0.40,Full_Price_Purchase_Ratio,0.40,Character,1p,cpg_demo_0819,26730,cpg_demo_0819
626558140458404158,Full_Price_Purchase_Ratio > 0.70,Full_Price_Purchase_Ratio,0.70,Character,1p,cpg_demo_0819,26730,cpg_demo_0819
626558140458404159,Full_Price_Purchase_Ratio > 0.37,Full_Price_Purchase_Ratio,0.37,Character,1p,cpg_demo_0819,26730,cpg_demo_0819
626558140458404160,Full_Price_Purchase_Ratio > 0.03,Full_Price_Purchase_Ratio,0.03,Character,1p,cpg_demo_0819,26730,cpg_demo_0819
626558140458404161,Full_Price_Purchase_Ratio > 0.84,Full_Price_Purchase_Ratio,0.84,Character,1p,cpg_demo_0819,26730,cpg_demo_0819
626558140458404162,Full_Price_Purchase_Ratio > 0.51,Full_Price_Purchase_Ratio,0.51,Character,1p,cpg_demo_0819,26730,cpg_demo_0819
626558140458404163,Full_Price_Purchase_Ratio > 0.78,Full_Price_Purchase_Ratio,0.78,Character,1p,cpg_demo_0819,26730,cpg_demo_0819
626558140458404164,Full_Price_Purchase_Ratio > 0.06,Full_Price_Purchase_Ratio,0.06,Character,1p,cpg_demo_0819,26730,cpg_demo_0819
626558140458404165,Full_Price_Purchase_Ratio > 0.23,Full_Price_Purchase_Ratio,0.23,Character,1p,cpg_demo_0819,26730,cpg_demo_0819
626558140458404166,Full_Price_Purchase_Ratio > 0.64,Full_Price_Purchase_Ratio,0.64,Character,1p,cpg_demo_0819,26730,cpg_demo_0819
626558140458404167,Full_Price_Purchase_Ratio > 0.34,Full_Price_Purchase_Ratio,0.34,Character,1p,cpg_demo_0819,26730,cpg_demo_0819
626558140458404168,Full_Price_Purchase_Ratio > 0.01,Full_Price_Purchase_Ratio,0.01,Character,1p,cpg_demo_0819,26730,cpg_demo_0819
626558140458404169,Full_Price_Purchase_Ratio > 0.41,Full_Price_Purchase_Ratio,0.41,Character,1p,cpg_demo_0819,26730,cpg_demo_0819
626558140458404170,Full_Price_Purchase_Ratio > 0.62,Full_Price_Purchase_Ratio,0.62,Character,1p,cpg_demo_0819,26730,cpg_demo_0819
626558140458404171,Full_Price_Purchase_Ratio > 0.88,Full_Price_Purchase_Ratio,0.88,Character,1p,cpg_demo_0819,26730,cpg_demo_0819
626558140458401808,Beauty_Product_Return_Frequency > Rarely,Beauty_Product_Return_Frequency,Rarely,Character,1p,cpg_demo_0819,26730,cpg_demo_0819
626558140458401809,Beauty_Product_Return_Frequency > Never,Beauty_Product_Return_Frequency,Never,Character,1p,cpg_demo_0819,26730,cpg_demo_0819
626558140458401810,Beauty_Product_Return_Frequency > Occasionally,Beauty_Product_Return_Frequency,Occasionally,Character,1p,cpg_demo_0819,26730,cpg_demo_0819
626558140458401811,Beauty_Product_Return_Frequency > Frequently,Beauty_Product_Return_Frequency,Frequently,Character,1p,cpg_demo_0819,26730,cpg_demo_0819
626558140458402550,Ethnicity_Group > Asian,Ethnicity_Group,Asian,Character,1p,cpg_demo_0819,26730,cpg_demo_0819
626558140458402551,Ethnicity_Group > Other,Ethnicity_Group,Other,Character,1p,cpg_demo_0819,26730,cpg_demo_0819
626558140458402552,Ethnicity_Group > Multiracial,Ethnicity_Group,Multiracial,Character,1p,cpg_demo_0819,26730,cpg_demo_0819
626558140458402553,Ethnicity_Group > White,Ethnicity_Group,White,Character,1p,cpg_demo_0819,26730,cpg_demo_0819
626558140458402554,Ethnicity_Group > Black,Ethnicity_Group,Black,Character,1p,cpg_demo_0819,26730,cpg_demo_0819
626558140458402555,Ethnicity_Group > Hispanic,Ethnicity_Group,Hispanic,Character,1p,cpg_demo_0819,26730,cpg_demo_0819
626558140458406326,Beauty_Influencer_Follower_Count_Tier > Medium,Beauty_Influencer_Follower_Count_Tier,Medium,Character,1p,cpg_demo_0819,26730,cpg_demo_0819
626558140458406327,Beauty_Influencer_Follower_Count_Tier > Low,Beauty_Influencer_Follower_Count_Tier,Low,Character,1p,cpg_demo_0819,26730,cpg_demo_0819
626558140458406328,Beauty_Influencer_Follower_Count_Tier > High,Beauty_Influencer_Follower_Count_Tier,High,Character,1p,cpg_demo_0819,26730,cpg_demo_0819
626558140458404069,Wishlist_User > N,Wishlist_User,N,Character,1p,cpg_demo_0819,26730,cpg_demo_0819
626558140458404070,Wishlist_User > Y,Wishlist_User,Y,Character,1p,cpg_demo_0819,26730,cpg_demo_0819
626558140458401892,Fragrance_Spend_Tier > Medium,Fragrance_Spend_Tier,Medium,Character,1p,cpg_demo_0819,26730,cpg_demo_0819
626558140458401893,Fragrance_Spend_Tier > Premium,Fragrance_Spend_Tier,Premium,Character,1p,cpg_demo_0819,26730,cpg_demo_0819
626558140458401894,Fragrance_Spend_Tier > Low,Fragrance_Spend_Tier,Low,Character,1p,cpg_demo_0819,26730,cpg_demo_0819
626558140458401895,Fragrance_Spend_Tier > High,Fragrance_Spend_Tier,High,Character,1p,cpg_demo_0819,26730,cpg_demo_0819
626558140458406110,Suncare_Spend_Tier > Medium,Suncare_Spend_Tier,Medium,Character,1p,cpg_demo_0819,26730,cpg_demo_0819
626558140458406111,Suncare_Spend_Tier > Premium,Suncare_Spend_Tier,Premium,Character,1p,cpg_demo_0819,26730,cpg_demo_0819
626558140458406112,Suncare_Spend_Tier > Low,Suncare_Spend_Tier,Low,Character,1p,cpg_demo_0819,26730,cpg_demo_0819
626558140458406113,Suncare_Spend_Tier > High,Suncare_Spend_Tier,High,Character,1p,cpg_demo_0819,26730,cpg_demo_0819
